address,street,num,lat,lon,zone_k5_assigned,school_k5_assigned,walk_min_to_assigned,straight_line_to_assigned_mi,closest_school_by_straight_line,closest_straight_line_mi,margin_mi,is_mismatch,is_high_confidence_mismatch,dist_to_Brown_mi,dist_to_Kennedy_mi,dist_to_WestSomerville_mi,dist_to_WinterHill_mi,dist_to_Healey_mi,dist_to_Argenziano_mi,dist_to_EastSomerville_mi,dest_6_8_assigned,dest_6_8_closest_candidate,dest_6_8_closest_mi,dest_6_8_margin_mi,dest_6_8_is_mismatch
"128 Albion Court, Somerville MA 02145",Albion Court,128,42.392115,-71.109173,Brown,Brown,13,0.4352,Kennedy,0.3748,0.0604,True,False,0.4352,0.3748,1.3119,0.5304,0.798,1.0509,1.2584,Winter Hill,Kennedy,0.3748,0.1556,True
"134 Albion Court, Somerville MA 02145",Albion Court,134,42.392195,-71.109307,Brown,Brown,13,0.4267,Kennedy,0.3718,0.0549,True,False,0.4267,0.3718,1.3032,0.5376,0.8015,1.0592,1.2659,Winter Hill,Kennedy,0.3718,0.1658,True
"8 Albion Place, Somerville MA 02145",Albion Place,8,42.392395,-71.108521,Brown,Brown,14,0.4398,Kennedy,0.4133,0.0265,True,False,0.4398,0.4133,1.3205,0.4988,0.7595,1.0513,1.2282,Winter Hill,Kennedy,0.4133,0.0855,True
"17 Albion Place, Somerville MA 02145",Albion Place,17,42.392401,-71.108203,Brown,Brown,14,0.45,Kennedy,0.4276,0.0224,True,False,0.45,0.4276,1.3315,0.4827,0.745,1.044,1.2122,Winter Hill,Kennedy,0.4276,0.0551,True
"94 Albion Street, Somerville MA 02145",Albion Street,94,42.391315,-71.107361,Brown,Brown,16,0.535,Kennedy,0.4373,0.0977,True,False,0.535,0.4373,1.4154,0.4377,0.7479,0.9576,1.1603,Kennedy,Kennedy,0.4373,0.0,False
"109 Albion Street, Somerville MA 02145",Albion Street,109,42.391696,-71.108221,Brown,Brown,15,0.4871,Kennedy,0.4053,0.0818,True,False,0.4871,0.4053,1.3661,0.4809,0.7702,1.0016,1.2067,Kennedy,Kennedy,0.4053,0.0,False
"124 Albion Street, Somerville MA 02145",Albion Street,124,42.391988,-71.10891,Brown,Brown,14,0.45,Kennedy,0.3823,0.0677,True,False,0.45,0.3823,1.3275,0.5165,0.7904,1.0366,1.244,Kennedy,Kennedy,0.3823,0.0,False
"139 Albion Street, Somerville MA 02145",Albion Street,139,42.392529,-71.109333,Brown,Brown,13,0.4071,Kennedy,0.3832,0.0239,True,False,0.4071,0.3832,1.2853,0.5409,0.7923,1.0797,1.2705,Kennedy,Kennedy,0.3832,0.0,False
"154 Albion Street, Somerville MA 02145",Albion Street,154,42.392593,-71.110342,Brown,Brown,12,0.3754,Kennedy,0.3449,0.0305,True,False,0.3754,0.3449,1.2476,0.5926,0.8371,1.1103,1.3221,Kennedy,Kennedy,0.3449,0.0,False
"169 Albion Street, Somerville MA 02145",Albion Street,169,42.393154,-71.110911,Brown,Brown,11,0.3273,Brown,0.3273,0.0,False,False,0.3273,0.3509,1.1993,0.6266,0.8492,1.1586,1.357,Kennedy,Kennedy,0.3509,0.0,False
"179 Albion Street, Somerville MA 02145",Albion Street,179,42.393312,-71.111405,Brown,Brown,10,0.3061,Brown,0.3061,0.0,False,False,0.3061,0.343,1.1745,0.6533,0.869,1.1815,1.3837,Kennedy,Kennedy,0.343,0.0,False
"100 Albion Terrace, Somerville MA 02145",Albion Terrace,100,42.391458,-71.1077,Brown,Brown,15,0.5164,Kennedy,0.4241,0.0923,True,False,0.5164,0.4241,1.3963,0.4545,0.7566,0.9745,1.1785,Winter Hill,Kennedy,0.4241,0.0304,True
"104 Albion Terrace, Somerville MA 02145",Albion Terrace,104,42.391543,-71.10789,Brown,Brown,15,0.5058,Kennedy,0.417,0.0888,True,False,0.5058,0.417,1.3854,0.4641,0.7615,0.9842,1.1887,Winter Hill,Kennedy,0.417,0.0471,True
"12 Alpine Street, Somerville MA 02145",Alpine Street,12,42.393693,-71.110629,Brown,Brown,10,0.3032,Brown,0.3032,0.0,False,False,0.3032,0.3884,1.1814,0.6198,0.823,1.1827,1.3498,Kennedy,Kennedy,0.3884,0.0,False
"27 Alpine Street, Somerville MA 02145",Alpine Street,27,42.393237,-71.110206,Brown,Brown,11,0.3414,Brown,0.3414,0.0,False,False,0.3414,0.3799,1.2192,0.5922,0.8135,1.1445,1.3226,Kennedy,Kennedy,0.3799,0.0,False
"42 Alpine Street, Somerville MA 02145",Alpine Street,42,42.393292,-71.10936,Brown,Brown,12,0.3648,Brown,0.3648,0.0,False,False,0.3648,0.4143,1.2462,0.5506,0.7721,1.1263,1.2809,Kennedy,Kennedy,0.4143,0.0,False
"57 Alpine Street, Somerville MA 02145",Alpine Street,57,42.39279,-71.108793,Brown,Brown,13,0.4099,Brown,0.4099,0.0,False,False,0.4099,0.4162,1.2913,0.516,0.7597,1.0819,1.2462,Kennedy,Kennedy,0.4162,0.0,False
"72 Alpine Street, Somerville MA 02145",Alpine Street,72,42.392726,-71.108014,Brown,Brown,17,0.44,Brown,0.44,0.0,False,False,0.44,0.4472,1.3224,0.476,0.726,1.0596,1.2063,Kennedy,Kennedy,0.4472,0.0,False
"87 Alpine Street, Somerville MA 02145",Alpine Street,87,42.392314,-71.107658,Brown,Brown,14,0.4731,Kennedy,0.4494,0.0237,True,False,0.4731,0.4494,1.3554,0.4544,0.7237,1.026,1.1838,Kennedy,Kennedy,0.4494,0.0,False
"102 Alpine Street, Somerville MA 02145",Alpine Street,102,42.392251,-71.106749,Brown,Brown,16,0.509,Winter Hill,0.4078,0.1012,True,False,0.509,0.4895,1.3916,0.4078,0.6861,1.0021,1.1373,Kennedy,Winter Hill,0.4078,0.0817,True
"2 Appleton Street, Somerville MA 02144",Appleton Street,2,42.396239,-71.115637,Brown,Brown,4,0.1108,Brown,0.1108,0.0,False,False,0.1108,0.4734,0.8808,0.9155,1.0385,1.4708,1.6401,West Somerville,Kennedy,0.4734,0.4074,True
"17 Appleton Street, Somerville MA 02144",Appleton Street,17,42.39684,-71.116294,Brown,Brown,5,0.1208,Brown,0.1208,0.0,False,False,0.1208,0.5164,0.8274,0.9617,1.0692,1.5241,1.684,West Somerville,Kennedy,0.5164,0.311,True
"32 Appleton Street, Somerville MA 02144",Appleton Street,32,42.397043,-71.117584,Brown,Brown,7,0.1832,Brown,0.1832,0.0,False,False,0.1832,0.5393,0.7764,1.0281,1.1345,1.5749,1.751,West Somerville,Kennedy,0.5393,0.2371,True
"34 Appleton Street, Somerville MA 02144",Appleton Street,34,42.397147,-71.11706,Brown,Brown,6,0.156,Brown,0.156,0.0,False,False,0.156,0.5418,0.7866,1.0059,1.1076,1.5644,1.7276,West Somerville,Kennedy,0.5418,0.2448,True
"7 Bay State Avenue, Somerville MA 02144",Bay State Avenue,7,42.400375,-71.114788,Brown,Brown,7,0.216,Brown,0.216,0.0,False,False,0.216,0.7601,0.7177,1.0138,1.0106,1.6886,1.7009,West Somerville,West Somerville,0.7177,0.0,False
"22 Bay State Avenue, Somerville MA 02144",Bay State Avenue,22,42.39995,-71.114981,Brown,Brown,6,0.1896,Brown,0.1896,0.0,False,False,0.1896,0.7303,0.7266,1.0047,1.015,1.6679,1.6974,West Somerville,West Somerville,0.7266,0.0,False
"37 Bay State Avenue, Somerville MA 02144",Bay State Avenue,37,42.399397,-71.115436,Brown,Brown,5,0.162,Brown,0.162,0.0,False,False,0.162,0.6916,0.7318,1.0031,1.0325,1.6468,1.7032,West Somerville,Kennedy,0.6916,0.0402,True
"52 Bay State Avenue, Somerville MA 02144",Bay State Avenue,52,42.398842,-71.115297,Brown,Brown,5,0.125,Brown,0.125,0.0,False,False,0.125,0.6533,0.7621,0.9771,1.0213,1.6104,1.682,West Somerville,Kennedy,0.6533,0.1088,True
"67 Bay State Avenue, Somerville MA 02144",Bay State Avenue,67,42.398326,-71.11571,Brown,Brown,3,0.1119,Brown,0.1119,0.0,False,False,0.1119,0.6176,0.7711,0.978,1.0398,1.5917,1.6887,West Somerville,Kennedy,0.6176,0.1535,True
"69 Bay State Avenue, Somerville MA 02144",Bay State Avenue,69,42.398516,-71.116152,Brown,Brown,4,0.1378,Brown,0.1378,0.0,False,False,0.1378,0.6315,0.7459,1.0041,1.0631,1.615,1.7145,West Somerville,Kennedy,0.6315,0.1144,True
"7 Bellevue Terrace, Somerville MA 02144",Bellevue Terrace,7,42.392728,-71.109314,Brown,Brown,13,0.3966,Kennedy,0.392,0.0046,True,False,0.3966,0.392,1.276,0.5417,0.7855,1.0912,1.2717,Winter Hill,Kennedy,0.392,0.1497,True
"10 Bellevue Terrace, Somerville MA 02144",Bellevue Terrace,10,42.392819,-71.109578,Brown,Brown,13,0.3835,Brown,0.3835,0.0,False,False,0.3835,0.385,1.2622,0.5559,0.7952,1.1033,1.286,Winter Hill,Kennedy,0.385,0.1709,True
"1 Boston Avenue, Somerville MA 02144",Boston Avenue,1,42.394851,-71.111016,Brown,Brown,8,0.2281,Brown,0.2281,0.0,False,False,0.2281,0.442,1.1103,0.6612,0.82,1.2616,1.3873,West Somerville,Kennedy,0.442,0.6683,True
"16 Boston Avenue, Somerville MA 02144",Boston Avenue,16,42.395244,-71.111197,Brown,Brown,7,0.202,Brown,0.202,0.0,False,False,0.202,0.4609,1.0847,0.6793,0.8234,1.2898,1.4034,West Somerville,Kennedy,0.4609,0.6238,True
"31 Boston Avenue, Somerville MA 02144",Boston Avenue,31,42.395548,-71.110541,Brown,Brown,9,0.2145,Brown,0.2145,0.0,False,False,0.2145,0.4958,1.0948,0.6565,0.7866,1.292,1.3771,West Somerville,Kennedy,0.4958,0.599,True
"46 Boston Avenue, Somerville MA 02144",Boston Avenue,46,42.396059,-71.110652,Brown,Brown,5,0.1917,Brown,0.1917,0.0,False,False,0.1917,0.5237,1.0671,0.6768,0.7869,1.3259,1.3932,West Somerville,Kennedy,0.5237,0.5434,True
"61 Boston Avenue, Somerville MA 02144",Boston Avenue,61,42.396525,-71.110267,Brown,Brown,5,0.1984,Brown,0.1984,0.0,False,False,0.1984,0.5613,1.0616,0.6747,0.7638,1.3458,1.3851,West Somerville,Kennedy,0.5613,0.5003,True
"76 Boston Avenue, Somerville MA 02144",Boston Avenue,76,42.396821,-71.109701,Brown,Brown,10,0.2224,Brown,0.2224,0.0,False,False,0.2224,0.5933,1.0718,0.6606,0.7334,1.3519,1.3652,West Somerville,Kennedy,0.5933,0.4785,True
"91 Boston Avenue, Somerville MA 02144",Boston Avenue,91,42.397486,-71.109644,Brown,Brown,9,0.2231,Brown,0.2231,0.0,False,False,0.2231,0.6349,1.0471,0.6841,0.7288,1.3927,1.3796,West Somerville,Kennedy,0.6349,0.4122,True
"106 Boston Avenue, Somerville MA 02144",Boston Avenue,106,42.397786,-71.110337,Brown,Brown,7,0.1904,Brown,0.1904,0.0,False,False,0.1904,0.6377,1.0062,0.7249,0.7644,1.4261,1.4202,West Somerville,Kennedy,0.6377,0.3685,True
"121 Boston Avenue, Somerville MA 02144",Boston Avenue,121,42.398465,-71.110313,Brown,Brown,8,0.205,Brown,0.205,0.0,False,False,0.205,0.6812,0.981,0.7523,0.7657,1.4683,1.4381,West Somerville,Kennedy,0.6812,0.2998,True
"136 Boston Avenue, Somerville MA 02144",Boston Avenue,136,42.398904,-71.110708,Brown,Brown,7,0.2016,Brown,0.2016,0.0,False,False,0.2016,0.7019,0.9478,0.787,0.7889,1.5042,1.4693,West Somerville,Kennedy,0.7019,0.2459,True
"151 Boston Avenue, Somerville MA 02144",Boston Avenue,151,42.399248,-71.110928,Brown,Brown,6,0.2069,Brown,0.2069,0.0,False,False,0.2069,0.7205,0.9258,0.8109,0.8032,1.5305,1.4897,West Somerville,Kennedy,0.7205,0.2053,True
"158 Boston Avenue, Somerville MA 02144",Boston Avenue,158,42.399248,-71.111415,Brown,Brown,5,0.1887,Brown,0.1887,0.0,False,False,0.1887,0.7128,0.9046,0.83,0.8277,1.5408,1.5121,West Somerville,Kennedy,0.7128,0.1918,True
"87 Bristol Road, Somerville MA 02145",Bristol Road,87,42.400742,-71.113458,Brown,Brown,7,0.2393,Brown,0.2393,0.0,False,False,0.2393,0.7915,0.7622,0.9761,0.9497,1.6792,1.6515,,,,,
"102 Bristol Road, Somerville MA 02145",Bristol Road,102,42.400092,-71.112711,Brown,Brown,6,0.2038,Brown,0.2038,0.0,False,False,0.2038,0.7534,0.8177,0.9181,0.9028,1.622,1.5971,,,,,
"108 Bristol Road, Somerville MA 02145",Bristol Road,108,42.400239,-71.112549,Brown,Brown,6,0.2162,Brown,0.2162,0.0,False,False,0.2162,0.7649,0.8197,0.9183,0.8968,1.6275,1.5943,,,,,
"585 Broadway, Somerville MA 02144",Broadway,585,42.398499,-71.108497,Brown,Brown,9,0.2932,Brown,0.2932,0.0,False,False,0.2932,0.7245,1.0589,0.684,0.6736,1.4356,1.3556,West Somerville,Winter Hill,0.684,0.3749,True
"600 Broadway, Somerville MA 02144",Broadway,600,42.398513,-71.108838,Brown,Brown,9,0.2768,Brown,0.2768,0.0,False,False,0.2768,0.7168,1.0434,0.6973,0.6911,1.4426,1.3716,West Somerville,Winter Hill,0.6973,0.3461,True
"615 Broadway, Somerville MA 02144",Broadway,615,42.398623,-71.108866,Brown,Brown,9,0.2779,Brown,0.2779,0.0,False,False,0.2779,0.7229,1.0383,0.7035,0.6933,1.4502,1.3763,West Somerville,Winter Hill,0.7035,0.3348,True
"630 Broadway, Somerville MA 02144",Broadway,630,42.399018,-71.109103,Brown,Brown,9,0.277,Brown,0.277,0.0,False,False,0.277,0.7417,1.0143,0.7311,0.7087,1.4801,1.3994,West Somerville,Winter Hill,0.7311,0.2832,True
"645 Broadway, Somerville MA 02144",Broadway,645,42.398746,-71.109235,Brown,Brown,8,0.2633,Brown,0.2633,0.0,False,False,0.2633,0.7218,1.0178,0.7231,0.7129,1.465,1.3969,West Somerville,Kennedy,0.7218,0.296,True
"660 Broadway, Somerville MA 02144",Broadway,660,42.399248,-71.110928,Brown,Brown,6,0.2069,Brown,0.2069,0.0,False,False,0.2069,0.7205,0.9258,0.8109,0.8032,1.5305,1.4897,West Somerville,Kennedy,0.7205,0.2053,True
"675 Broadway, Somerville MA 02144",Broadway,675,42.399752,-71.111168,Brown,Brown,6,0.2229,Brown,0.2229,0.0,False,False,0.2229,0.7498,0.8976,0.8429,0.8211,1.5673,1.5163,West Somerville,Kennedy,0.7498,0.1478,True
"690 Broadway, Somerville MA 02144",Broadway,690,42.399585,-71.111852,Brown,Brown,5,0.1924,Brown,0.1924,0.0,False,False,0.1924,0.729,0.8734,0.862,0.8534,1.5714,1.5423,West Somerville,Kennedy,0.729,0.1444,True
"705 Broadway, Somerville MA 02144",Broadway,705,42.40012,-71.112264,Brown,Brown,5,0.2141,Brown,0.2141,0.0,False,False,0.2141,0.7599,0.8364,0.9018,0.8809,1.6138,1.5776,West Somerville,Kennedy,0.7599,0.0765,True
"720 Broadway, Somerville MA 02144",Broadway,720,42.399963,-71.113007,Brown,Brown,5,0.1908,Brown,0.1908,0.0,False,False,0.1908,0.7419,0.8095,0.9243,0.916,1.6208,1.6067,West Somerville,Kennedy,0.7419,0.0676,True
"726 Broadway, Somerville MA 02144",Broadway,726,42.400063,-71.113289,Brown,Brown,6,0.1943,Brown,0.1943,0.0,False,False,0.1943,0.7463,0.7936,0.9399,0.9314,1.6335,1.6227,West Somerville,Kennedy,0.7463,0.0473,True
"107 Cedar Street, Somerville MA 02144",Cedar Street,107,42.392443,-71.11204,Brown,Brown,11,0.3505,Kennedy,0.2759,0.0746,True,False,0.3505,0.2759,1.2004,0.6779,0.9208,1.1507,1.4064,West Somerville,Kennedy,0.2759,0.9245,True
"122 Cedar Street, Somerville MA 02144",Cedar Street,122,42.392786,-71.111802,Brown,Brown,11,0.3317,Kennedy,0.302,0.0297,True,False,0.3317,0.302,1.1893,0.6681,0.9007,1.1629,1.3977,West Somerville,Kennedy,0.302,0.8873,True
"137 Cedar Street, Somerville MA 02144",Cedar Street,137,42.393463,-71.111669,Brown,Brown,10,0.2909,Brown,0.2909,0.0,False,False,0.2909,0.3434,1.1578,0.6685,0.8784,1.1976,1.3989,West Somerville,Kennedy,0.3434,0.8144,True
"152 Cedar Street, Somerville MA 02144",Cedar Street,152,42.393619,-71.111168,Brown,Brown,10,0.2929,Brown,0.2929,0.0,False,False,0.2929,0.3672,1.1666,0.6455,0.8507,1.1927,1.3758,West Somerville,Kennedy,0.3672,0.7994,True
"167 Cedar Street, Somerville MA 02144",Cedar Street,167,42.394684,-71.110786,Brown,Brown,9,0.2445,Brown,0.2445,0.0,False,False,0.2445,0.4386,1.1267,0.6463,0.8113,1.2458,1.3731,West Somerville,Kennedy,0.4386,0.6881,True
"182 Cedar Street, Somerville MA 02144",Cedar Street,182,42.394789,-71.110773,Brown,Brown,9,0.2396,Brown,0.2396,0.0,False,False,0.2396,0.445,1.1221,0.6481,0.8089,1.2517,1.3743,West Somerville,Kennedy,0.445,0.6771,True
"197 Cedar Street, Somerville MA 02144",Cedar Street,197,42.395054,-71.110167,Brown,Brown,10,0.2502,Brown,0.2502,0.0,False,False,0.2502,0.4775,1.1319,0.6256,0.7747,1.2529,1.3492,West Somerville,Kennedy,0.4775,0.6544,True
"212 Cedar Street, Somerville MA 02144",Cedar Street,212,42.395559,-71.110235,Brown,Brown,10,0.2272,Brown,0.2272,0.0,False,False,0.2272,0.5046,1.1059,0.6426,0.7711,1.2855,1.3624,West Somerville,Kennedy,0.5046,0.6013,True
"227 Cedar Street, Somerville MA 02144",Cedar Street,227,42.395941,-71.109922,Brown,Brown,11,0.2288,Brown,0.2288,0.0,False,False,0.2288,0.5354,1.1008,0.6399,0.7511,1.3018,1.3553,West Somerville,Kennedy,0.5354,0.5654,True
"242 Cedar Street, Somerville MA 02144",Cedar Street,242,42.396269,-71.109752,Brown,Brown,11,0.2287,Brown,0.2287,0.0,False,False,0.2287,0.5593,1.0931,0.6431,0.7395,1.3185,1.3544,West Somerville,Kennedy,0.5593,0.5338,True
"257 Cedar Street, Somerville MA 02144",Cedar Street,257,42.396772,-71.109336,Brown,Brown,12,0.2413,Brown,0.2413,0.0,False,False,0.2413,0.6,1.0887,0.6431,0.715,1.3412,1.3466,West Somerville,Kennedy,0.6,0.4887,True
"272 Cedar Street, Somerville MA 02144",Cedar Street,272,42.397477,-71.10886,Brown,Brown,11,0.2631,Brown,0.2631,0.0,False,False,0.2631,0.6542,1.0805,0.6518,0.6888,1.3765,1.3426,West Somerville,Winter Hill,0.6518,0.4287,True
"287 Cedar Street, Somerville MA 02144",Cedar Street,287,42.397973,-71.108511,Brown,Brown,11,0.2844,Brown,0.2844,0.0,False,False,0.2844,0.6927,1.0769,0.66,0.6717,1.4018,1.3404,West Somerville,Winter Hill,0.66,0.4169,True
"298 Cedar Street, Somerville MA 02144",Cedar Street,298,42.397096,-71.108745,Brown,Brown,12,0.269,Brown,0.269,0.0,False,False,0.269,0.635,1.1001,0.6312,0.6836,1.3499,1.3269,West Somerville,Winter Hill,0.6312,0.4689,True
"1 Clifton Street, Somerville MA 02145",Clifton Street,1,42.396975,-71.117426,Brown,Brown,6,0.1758,Brown,0.1758,0.0,False,False,0.1758,0.5331,0.7849,1.0189,1.1266,1.5662,1.742,Kennedy,Kennedy,0.5331,0.0,False
"14 Clifton Street, Somerville MA 02145",Clifton Street,14,42.396448,-71.117345,Brown,Brown,6,0.1801,Brown,0.1801,0.0,False,False,0.1801,0.4966,0.817,1.0025,1.1243,1.535,1.7279,Kennedy,Kennedy,0.4966,0.0,False
"2 Clyde Street, Somerville MA 02145",Clyde Street,2,42.395269,-71.110016,Brown,Brown,10,0.2475,Brown,0.2475,0.0,False,False,0.2475,0.494,1.1276,0.6242,0.764,1.2625,1.3459,Winter Hill,Kennedy,0.494,0.1302,True
"17 Clyde Street, Somerville MA 02145",Clyde Street,17,42.39468,-71.109506,Brown,Brown,11,0.2926,Brown,0.2926,0.0,False,False,0.2926,0.4775,1.1742,0.5848,0.7482,1.2144,1.3098,Winter Hill,Kennedy,0.4775,0.1073,True
"32 Clyde Street, Somerville MA 02145",Clyde Street,32,42.394864,-71.108801,Brown,Brown,11,0.3147,Brown,0.3147,0.0,False,False,0.3147,0.5107,1.1926,0.5562,0.7101,1.21,1.2786,Winter Hill,Kennedy,0.5107,0.0455,True
"47 Clyde Street, Somerville MA 02145",Clyde Street,47,42.394579,-71.108344,Brown,Brown,12,0.3449,Brown,0.3449,0.0,False,False,0.3449,0.5127,1.2231,0.5271,0.6932,1.1823,1.2508,Winter Hill,Kennedy,0.5127,0.0144,True
"56 Clyde Street, Somerville MA 02145",Clyde Street,56,42.394236,-71.107666,Brown,Brown,13,0.3869,Brown,0.3869,0.0,False,False,0.3869,0.5225,1.2648,0.4861,0.6679,1.1465,1.2112,Winter Hill,Winter Hill,0.4861,0.0,False
"1 College Avenue, Somerville MA 02144",College Avenue,1,42.396444,-71.121794,Brown,Brown,12,0.4016,Brown,0.4016,0.0,False,False,0.4016,0.5832,0.7128,1.219,1.3509,1.6852,1.9475,West Somerville,Kennedy,0.5832,0.1296,True
"16 College Avenue, Somerville MA 02144",College Avenue,16,42.396865,-71.121886,Brown,Brown,13,0.403,Brown,0.403,0.0,False,False,0.403,0.6102,0.6838,1.2317,1.3543,1.7093,1.9592,West Somerville,Kennedy,0.6102,0.0736,True
"31 College Avenue, Somerville MA 02144",College Avenue,31,42.397585,-71.121263,Brown,Brown,12,0.3706,Brown,0.3706,0.0,False,False,0.3706,0.6376,0.6496,1.2171,1.3217,1.7241,1.9417,West Somerville,Kennedy,0.6376,0.012,True
"46 College Avenue, Somerville MA 02144",College Avenue,46,42.398074,-71.121171,Brown,Brown,11,0.3693,Brown,0.3693,0.0,False,False,0.3693,0.6658,0.621,1.2245,1.3175,1.7463,1.9469,West Somerville,West Somerville,0.621,0.0,False
"61 College Avenue, Somerville MA 02144",College Avenue,61,42.398557,-71.12111,Brown,Brown,10,0.3725,Brown,0.3725,0.0,False,False,0.3725,0.6947,0.5925,1.2341,1.3158,1.7695,1.954,West Somerville,West Somerville,0.5925,0.0,False
"76 College Avenue, Somerville MA 02144",College Avenue,76,42.399068,-71.120583,Brown,Brown,10,0.3569,Brown,0.3569,0.0,False,False,0.3569,0.7169,0.575,1.2236,1.2914,1.7796,1.9399,West Somerville,West Somerville,0.575,0.0,False
"91 College Avenue, Somerville MA 02144",College Avenue,91,42.399395,-71.119342,Brown,Brown,8,0.3081,Brown,0.3081,0.0,False,False,0.3081,0.7184,0.5925,1.1765,1.2304,1.7585,1.8882,West Somerville,West Somerville,0.5925,0.0,False
"106 College Avenue, Somerville MA 02144",College Avenue,106,42.399753,-71.118881,Brown,Brown,8,0.3008,Brown,0.3008,0.0,False,False,0.3008,0.7364,0.5883,1.1672,1.2099,1.7645,1.8752,West Somerville,West Somerville,0.5883,0.0,False
"121 College Avenue, Somerville MA 02144",College Avenue,121,42.40046,-71.117659,Brown,Brown,10,0.2868,Brown,0.2868,0.0,False,False,0.2868,0.7727,0.5978,1.1382,1.1556,1.7695,1.8365,West Somerville,West Somerville,0.5978,0.0,False
"136 College Avenue, Somerville MA 02144",College Avenue,136,42.400671,-71.117412,Brown,Brown,10,0.2904,Brown,0.2904,0.0,False,False,0.2904,0.7855,0.598,1.1355,1.1459,1.7749,1.8309,West Somerville,West Somerville,0.598,0.0,False
"143 College Avenue, Somerville MA 02144",College Avenue,143,42.401549,-71.116517,Brown,Brown,10,0.3201,Brown,0.3201,0.0,False,False,0.3201,0.8418,0.5996,1.133,1.1146,1.8028,1.8158,West Somerville,West Somerville,0.5996,0.0,False
"1 Elm Court, Somerville MA 02144",Elm Court,1,42.396831,-71.121122,Brown,Brown,12,0.3643,Brown,0.3643,0.0,False,False,0.3643,0.5883,0.7003,1.1938,1.3154,1.6808,1.9208,West Somerville,Kennedy,0.5883,0.112,True
"6 Elm Court, Somerville MA 02144",Elm Court,6,42.396736,-71.121372,Brown,Brown,12,0.3777,Brown,0.3777,0.0,False,False,0.3777,0.5889,0.7015,1.204,1.3284,1.6848,1.9315,West Somerville,Kennedy,0.5889,0.1126,True
"16 Ellington Road, Somerville MA 02144",Ellington Road,16,42.395451,-71.119509,Brown,Brown,10,0.3084,Brown,0.3084,0.0,False,False,0.3084,0.4657,0.8211,1.0888,1.2406,1.5549,1.8184,Kennedy,Kennedy,0.4657,0.0,False
"31 Ellington Road, Somerville MA 02144",Ellington Road,31,42.395902,-71.119525,Brown,Brown,10,0.2976,Brown,0.2976,0.0,False,False,0.2976,0.4942,0.7927,1.0974,1.2382,1.5784,1.8262,Kennedy,Kennedy,0.4942,0.0,False
"32 Ellington Road, Somerville MA 02144",Ellington Road,32,42.395698,-71.119666,Brown,Brown,10,0.3091,Brown,0.3091,0.0,False,False,0.3091,0.4845,0.8022,1.1007,1.2467,1.5729,1.8299,Kennedy,Kennedy,0.4845,0.0,False
"4 Foskett Street, Somerville MA 02145",Foskett Street,4,42.396772,-71.115255,Brown,Brown,3,0.0733,Brown,0.0733,0.0,False,False,0.0733,0.5104,0.8652,0.9109,1.0165,1.4896,1.6319,Kennedy,Kennedy,0.5104,0.0,False
"19 Foskett Street, Somerville MA 02145",Foskett Street,19,42.397043,-71.115825,Brown,Brown,4,0.0943,Brown,0.0943,0.0,False,False,0.0943,0.5291,0.832,0.945,1.0448,1.5215,1.6653,Kennedy,Kennedy,0.5291,0.0,False
"34 Foskett Street, Somerville MA 02145",Foskett Street,34,42.397639,-71.116558,Brown,Brown,5,0.1321,Brown,0.1321,0.0,False,False,0.1321,0.5725,0.7763,0.9958,1.0817,1.5768,1.7136,Kennedy,Kennedy,0.5725,0.0,False
"49 Foskett Street, Somerville MA 02145",Foskett Street,49,42.397363,-71.116677,Brown,Brown,5,0.1361,Brown,0.1361,0.0,False,False,0.1361,0.5542,0.7871,0.9936,1.0878,1.5648,1.7134,Kennedy,Kennedy,0.5542,0.0,False
"52 Foskett Street, Somerville MA 02145",Foskett Street,52,42.397565,-71.117159,Brown,Brown,6,0.1617,Brown,0.1617,0.0,False,False,0.1617,0.5711,0.7607,1.0217,1.1123,1.5906,1.7411,Kennedy,Kennedy,0.5711,0.0,False
"7 Francesca Avenue, Somerville MA 02144",Francesca Avenue,7,42.398765,-71.119508,Brown,Brown,9,0.2982,Brown,0.2982,0.0,False,False,0.2982,0.6791,0.6225,1.1651,1.2351,1.7291,1.8813,West Somerville,West Somerville,0.6225,0.0,False
"22 Francesca Avenue, Somerville MA 02144",Francesca Avenue,22,42.398784,-71.11867,Brown,Brown,8,0.2589,Brown,0.2589,0.0,False,False,0.2589,0.6688,0.6468,1.127,1.1925,1.7042,1.8414,West Somerville,West Somerville,0.6468,0.0,False
"37 Francesca Avenue, Somerville MA 02144",Francesca Avenue,37,42.398216,-71.118208,Brown,Brown,7,0.2233,Brown,0.2233,0.0,False,False,0.2233,0.6252,0.6923,1.089,1.1668,1.6586,1.8062,West Somerville,Kennedy,0.6252,0.0671,True
"52 Francesca Avenue, Somerville MA 02144",Francesca Avenue,52,42.398361,-71.118424,Brown,Brown,7,0.2368,Brown,0.2368,0.0,False,False,0.2368,0.6374,0.6777,1.1031,1.1782,1.6733,1.8198,West Somerville,Kennedy,0.6374,0.0403,True
"58 Francesca Avenue, Somerville MA 02144",Francesca Avenue,58,42.398194,-71.117201,Brown,Brown,6,0.1741,Brown,0.1741,0.0,False,False,0.1741,0.6144,0.7259,1.0418,1.1154,1.627,1.7571,West Somerville,Kennedy,0.6144,0.1115,True
"45 Grove Street, Somerville MA 02144",Grove Street,45,42.396341,-71.11992,Brown,Brown,11,0.3088,Brown,0.3088,0.0,False,False,0.3088,0.5302,0.7566,1.1252,1.2559,1.6144,1.853,West Somerville,Kennedy,0.5302,0.2264,True
"60 Grove Street, Somerville MA 02144",Grove Street,60,42.39679,-71.119642,Brown,Brown,10,0.2895,Brown,0.2895,0.0,False,False,0.2895,0.5529,0.7355,1.121,1.24,1.6281,1.8472,West Somerville,Kennedy,0.5529,0.1826,True
"65 Grove Street, Somerville MA 02144",Grove Street,65,42.396904,-71.119568,Brown,Brown,10,0.2849,Brown,0.2849,0.0,False,False,0.2849,0.5588,0.7304,1.12,1.236,1.6316,1.8456,West Somerville,Kennedy,0.5588,0.1716,True
"5 Hall Avenue, Somerville MA 02144",Hall Avenue,5,42.398357,-71.12056,Brown,Brown,10,0.3421,Brown,0.3421,0.0,False,False,0.3421,0.6709,0.618,1.2029,1.2871,1.7409,1.9231,West Somerville,West Somerville,0.618,0.0,False
"20 Hall Avenue, Somerville MA 02144",Hall Avenue,20,42.398458,-71.11969,Brown,Brown,9,0.3006,Brown,0.3006,0.0,False,False,0.3006,0.6618,0.635,1.1648,1.2431,1.7182,1.8831,West Somerville,West Somerville,0.635,0.0,False
"35 Hall Avenue, Somerville MA 02144",Hall Avenue,35,42.397892,-71.119277,Brown,Brown,9,0.2718,Brown,0.2718,0.0,False,False,0.2718,0.618,0.6793,1.1301,1.2206,1.6745,1.8509,West Somerville,Kennedy,0.618,0.0613,True
"50 Hall Avenue, Somerville MA 02144",Hall Avenue,50,42.398019,-71.118523,Brown,Brown,8,0.2355,Brown,0.2355,0.0,False,False,0.2355,0.6157,0.6936,1.0981,1.1824,1.6575,1.817,West Somerville,Kennedy,0.6157,0.0779,True
"65 Hall Avenue, Somerville MA 02144",Hall Avenue,65,42.397451,-71.118039,Brown,Brown,7,0.2058,Brown,0.2058,0.0,False,False,0.2058,0.5717,0.7399,1.0601,1.1572,1.6114,1.7815,West Somerville,Kennedy,0.5717,0.1682,True
"73 Hall Avenue, Somerville MA 02144",Hall Avenue,73,42.397366,-71.117755,Brown,Brown,7,0.1911,Brown,0.1911,0.0,False,False,0.1911,0.5629,0.7532,1.0444,1.1428,1.5979,1.7659,West Somerville,Kennedy,0.5629,0.1903,True
"219 Highland Avenue, Somerville MA 02144",Highland Avenue,219,42.390438,-71.107967,Brown,Brown,17,0.5657,Kennedy,0.3924,0.1733,True,True,0.5657,0.3924,1.4394,0.4756,0.8087,0.9199,1.1871,Kennedy,Kennedy,0.3924,0.0,False
"234 Highland Avenue, Somerville MA 02144",Highland Avenue,234,42.390797,-71.108909,Brown,Brown,16,0.5194,Kennedy,0.3513,0.1681,True,True,0.5194,0.3513,1.3893,0.5195,0.8333,0.9664,1.2364,Kennedy,Kennedy,0.3513,0.0,False
"249 Highland Avenue, Somerville MA 02144",Highland Avenue,249,42.391291,-71.10992,Brown,Brown,15,0.4648,Kennedy,0.3147,0.1501,True,True,0.4648,0.3147,1.3301,0.5682,0.859,1.0233,1.2903,Kennedy,Kennedy,0.3147,0.0,False
"264 Highland Avenue, Somerville MA 02144",Highland Avenue,264,42.391311,-71.110869,Brown,Brown,14,0.4439,Kennedy,0.2721,0.1718,True,True,0.4439,0.2721,1.2988,0.6165,0.9005,1.0523,1.3386,Kennedy,Kennedy,0.2721,0.0,False
"279 Highland Avenue, Somerville MA 02144",Highland Avenue,279,42.391838,-71.111928,Brown,Brown,12,0.3922,Kennedy,0.2496,0.1426,True,False,0.3922,0.2496,1.2371,0.6702,0.9324,1.1139,1.3958,Kennedy,Kennedy,0.2496,0.0,False
"294 Highland Avenue, Somerville MA 02144",Highland Avenue,294,42.392267,-71.113064,Brown,Brown,11,0.3512,Kennedy,0.2352,0.116,True,False,0.3512,0.2352,1.179,0.7292,0.9738,1.173,1.4567,Kennedy,Kennedy,0.2352,0.0,False
"309 Highland Avenue, Somerville MA 02144",Highland Avenue,309,42.393123,-71.113669,Brown,Brown,10,0.2893,Kennedy,0.2749,0.0144,True,False,0.2893,0.2749,1.1129,0.7655,0.9826,1.2385,1.4954,Kennedy,Kennedy,0.2749,0.0,False
"324 Highland Avenue, Somerville MA 02144",Highland Avenue,324,42.393177,-71.115151,Brown,Brown,9,0.2909,Kennedy,0.2625,0.0284,True,False,0.2909,0.2625,1.0671,0.841,1.0537,1.2894,1.5707,Kennedy,Kennedy,0.2625,0.0,False
"339 Highland Avenue, Somerville MA 02144",Highland Avenue,339,42.394086,-71.116244,Brown,Brown,7,0.2497,Brown,0.2497,0.0,False,False,0.2497,0.3267,0.9842,0.9059,1.0919,1.3734,1.6362,Kennedy,Kennedy,0.3267,0.0,False
"354 Highland Avenue, Somerville MA 02144",Highland Avenue,354,42.394174,-71.117385,Brown,Brown,8,0.2763,Brown,0.2763,0.0,False,False,0.2763,0.3441,0.9494,0.9642,1.1475,1.4166,1.6946,Kennedy,Kennedy,0.3441,0.0,False
"369 Highland Avenue, Somerville MA 02144",Highland Avenue,369,42.394711,-71.118559,Brown,Brown,9,0.2931,Brown,0.2931,0.0,False,False,0.2931,0.3991,0.8884,1.0301,1.1997,1.4845,1.7604,Kennedy,Kennedy,0.3991,0.0,False
"384 Highland Avenue, Somerville MA 02144",Highland Avenue,384,42.395141,-71.119707,Brown,Brown,11,0.3268,Brown,0.3268,0.0,False,False,0.3268,0.4512,0.8362,1.0937,1.2532,1.5464,1.8237,Kennedy,Kennedy,0.4512,0.0,False
"399 Highland Avenue, Somerville MA 02144",Highland Avenue,399,42.395941,-71.120539,Brown,Brown,11,0.3462,Brown,0.3462,0.0,False,False,0.3462,0.5201,0.7685,1.1481,1.2895,1.6157,1.8771,Kennedy,Kennedy,0.5201,0.0,False
"407 Highland Avenue, Somerville MA 02144",Highland Avenue,407,42.396263,-71.121089,Brown,Brown,11,0.3683,Brown,0.3683,0.0,False,False,0.3683,0.5535,0.7372,1.181,1.3157,1.6511,1.9096,Kennedy,Kennedy,0.5535,0.0,False
"2 Highland Road, Somerville MA 02144",Highland Road,2,42.394982,-71.113835,Brown,Brown,5,0.1605,Brown,0.1605,0.0,False,False,0.1605,0.396,1.0063,0.8008,0.959,1.3466,1.529,West Somerville,Kennedy,0.396,0.6103,True
"17 Highland Road, Somerville MA 02144",Highland Road,17,42.395364,-71.113496,Brown,Brown,5,0.1364,Brown,0.1364,0.0,False,False,0.1364,0.4257,0.9975,0.7924,0.9374,1.3586,1.5187,West Somerville,Kennedy,0.4257,0.5718,True
"32 Highland Road, Somerville MA 02144",Highland Road,32,42.395591,-71.112981,Brown,Brown,5,0.1294,Brown,0.1294,0.0,False,False,0.1294,0.4478,1.0037,0.7729,0.9091,1.3574,1.4975,West Somerville,Kennedy,0.4478,0.5559,True
"47 Highland Road, Somerville MA 02144",Highland Road,47,42.396126,-71.112548,Brown,Brown,4,0.1103,Brown,0.1103,0.0,False,False,0.1103,0.4897,0.9928,0.7663,0.8824,1.3772,1.4868,West Somerville,Kennedy,0.4897,0.5031,True
"62 Highland Road, Somerville MA 02144",Highland Road,62,42.396563,-71.112325,Brown,Brown,3,0.1,Brown,0.1,0.0,False,False,0.1,0.5219,0.9802,0.7687,0.8682,1.3975,1.4852,West Somerville,Kennedy,0.5219,0.4583,True
"77 Highland Road, Somerville MA 02144",Highland Road,77,42.397045,-71.11189,Brown,Brown,3,0.1096,Brown,0.1096,0.0,False,False,0.1096,0.5606,0.9748,0.7645,0.8441,1.4157,1.4752,West Somerville,Kennedy,0.5606,0.4142,True
"92 Highland Road, Somerville MA 02144",Highland Road,92,42.397154,-71.111926,Brown,Brown,3,0.1068,Brown,0.1068,0.0,False,False,0.1068,0.5671,0.9686,0.7698,0.8457,1.4232,1.4795,West Somerville,Kennedy,0.5671,0.4015,True
"107 Highland Road, Somerville MA 02144",Highland Road,107,42.397813,-71.111378,Brown,Brown,4,0.1389,Brown,0.1389,0.0,False,False,0.1389,0.6194,0.9622,0.7697,0.8175,1.4507,1.47,West Somerville,Kennedy,0.6194,0.3428,True
"122 Highland Road, Somerville MA 02144",Highland Road,122,42.398387,-71.111582,Brown,Brown,5,0.1448,Brown,0.1448,0.0,False,False,0.1448,0.6535,0.9304,0.8007,0.8298,1.4909,1.495,West Somerville,Kennedy,0.6535,0.2769,True
"137 Highland Road, Somerville MA 02144",Highland Road,137,42.398049,-71.111684,Brown,Brown,4,0.1294,Brown,0.1294,0.0,False,False,0.1294,0.6297,0.9399,0.7917,0.8337,1.4723,1.4906,West Somerville,Kennedy,0.6297,0.3102,True
"140 Highland Road, Somerville MA 02144",Highland Road,140,42.398894,-71.111242,Brown,Brown,6,0.179,Brown,0.179,0.0,False,False,0.179,0.6922,0.9251,0.8078,0.8158,1.5149,1.4936,West Somerville,Kennedy,0.6922,0.2329,True
"9 Josephine Avenue, Somerville MA 02144",Josephine Avenue,9,42.395747,-71.114571,Brown,Brown,3,0.1112,Brown,0.1112,0.0,False,False,0.1112,0.442,0.9416,0.8529,0.988,1.4115,1.5786,West Somerville,Kennedy,0.442,0.4996,True
"24 Josephine Avenue, Somerville MA 02144",Josephine Avenue,24,42.396137,-71.114342,Brown,Brown,3,0.0823,Brown,0.0823,0.0,False,False,0.0823,0.4702,0.9289,0.8512,0.9733,1.427,1.5746,West Somerville,Kennedy,0.4702,0.4587,True
"39 Josephine Avenue, Somerville MA 02144",Josephine Avenue,39,42.396653,-71.113986,Brown,Brown,2,0.0449,Brown,0.0449,0.0,False,False,0.0449,0.5081,0.9152,0.8482,0.9523,1.4468,1.5677,West Somerville,Kennedy,0.5081,0.4071,True
"54 Josephine Avenue, Somerville MA 02144",Josephine Avenue,54,42.397087,-71.113703,Brown,Brown,1,0.0216,Brown,0.0216,0.0,False,False,0.0216,0.54,0.9042,0.8478,0.9365,1.4645,1.5634,West Somerville,Kennedy,0.54,0.3642,True
"69 Josephine Avenue, Somerville MA 02144",Josephine Avenue,69,42.397586,-71.113324,Brown,Brown,1,0.0401,Brown,0.0401,0.0,False,False,0.0401,0.5774,0.895,0.8466,0.9166,1.4842,1.5568,West Somerville,Kennedy,0.5774,0.3176,True
"84 Josephine Avenue, Somerville MA 02144",Josephine Avenue,84,42.398142,-71.11345,Brown,Brown,2,0.0647,Brown,0.0647,0.0,False,False,0.0647,0.614,0.8651,0.8713,0.924,1.5207,1.5765,West Somerville,Kennedy,0.614,0.2511,True
"99 Josephine Avenue, Somerville MA 02144",Josephine Avenue,99,42.39852,-71.112717,Brown,Brown,3,0.1069,Brown,0.1069,0.0,False,False,0.1069,0.647,0.8782,0.8537,0.8883,1.5255,1.5518,West Somerville,Kennedy,0.647,0.2312,True
"114 Josephine Avenue, Somerville MA 02144",Josephine Avenue,114,42.399074,-71.112826,Brown,Brown,4,0.1365,Brown,0.1365,0.0,False,False,0.1365,0.6832,0.8512,0.88,0.8976,1.5619,1.5723,West Somerville,Kennedy,0.6832,0.168,True
"129 Josephine Avenue, Somerville MA 02144",Josephine Avenue,129,42.398667,-71.113003,Brown,Brown,3,0.1074,Brown,0.1074,0.0,False,False,0.1074,0.6539,0.8604,0.8714,0.9036,1.5413,1.5692,West Somerville,Kennedy,0.6539,0.2065,True
"134 Josephine Avenue, Somerville MA 02144",Josephine Avenue,134,42.399744,-71.112289,Brown,Brown,5,0.1902,Brown,0.1902,0.0,False,False,0.1902,0.7343,0.8486,0.8862,0.8772,1.5909,1.5672,West Somerville,Kennedy,0.7343,0.1143,True
"93 Kidder Avenue, Somerville MA 02144",Kidder Avenue,93,42.397915,-71.114433,Brown,Brown,2,0.0475,Brown,0.0475,0.0,False,False,0.0475,0.5918,0.8378,0.9072,0.9736,1.5328,1.6177,West Somerville,Kennedy,0.5918,0.246,True
"108 Kidder Avenue, Somerville MA 02144",Kidder Avenue,108,42.397745,-71.114833,Brown,Brown,2,0.052,Brown,0.052,0.0,False,False,0.052,0.5785,0.8312,0.9197,0.9937,1.5337,1.6329,West Somerville,Kennedy,0.5785,0.2527,True
"123 Kidder Avenue, Somerville MA 02144",Kidder Avenue,123,42.397014,-71.112029,Brown,Brown,3,0.103,Brown,0.103,0.0,False,False,0.103,0.5563,0.9708,0.7697,0.8513,1.4172,1.4812,West Somerville,Kennedy,0.5563,0.4145,True
"138 Kidder Avenue, Somerville MA 02144",Kidder Avenue,138,42.397636,-71.114543,Brown,Brown,2,0.0357,Brown,0.0357,0.0,False,False,0.0357,0.5721,0.847,0.9031,0.9788,1.5194,1.6164,West Somerville,Kennedy,0.5721,0.2749,True
"153 Kidder Avenue, Somerville MA 02144",Kidder Avenue,153,42.39693,-71.111805,Brown,Brown,3,0.1154,Brown,0.1154,0.0,False,False,0.1154,0.5546,0.9833,0.7568,0.8401,1.4067,1.4684,West Somerville,Kennedy,0.5546,0.4287,True
"157 Kidder Avenue, Somerville MA 02144",Kidder Avenue,157,42.396161,-71.110582,Brown,Brown,5,0.1919,Brown,0.1919,0.0,False,False,0.1919,0.5316,1.0653,0.6768,0.7824,1.3305,1.392,West Somerville,Kennedy,0.5316,0.5337,True
"6 Liberty Avenue, Somerville MA 02144",Liberty Avenue,6,42.400597,-71.115056,Brown,Brown,8,0.2338,Brown,0.2338,0.0,False,False,0.2338,0.7748,0.6979,1.0339,1.0271,1.7086,1.7199,West Somerville,West Somerville,0.6979,0.0,False
"21 Liberty Avenue, Somerville MA 02144",Liberty Avenue,21,42.400167,-71.115398,Brown,Brown,7,0.2102,Brown,0.2102,0.0,False,False,0.2102,0.7448,0.7005,1.0308,1.0385,1.6915,1.723,West Somerville,West Somerville,0.7005,0.0,False
"36 Liberty Avenue, Somerville MA 02144",Liberty Avenue,36,42.399576,-71.115736,Brown,Brown,6,0.1801,Brown,0.1801,0.0,False,False,0.1801,0.704,0.7121,1.0226,1.0492,1.6654,1.7222,West Somerville,Kennedy,0.704,0.0081,True
"51 Liberty Avenue, Somerville MA 02144",Liberty Avenue,51,42.39926,-71.116518,Brown,Brown,6,0.1862,Brown,0.1862,0.0,False,False,0.1862,0.684,0.6967,1.0454,1.0862,1.6682,1.7506,West Somerville,Kennedy,0.684,0.0127,True
"66 Liberty Avenue, Somerville MA 02144",Liberty Avenue,66,42.398807,-71.116705,Brown,Brown,5,0.1724,Brown,0.1724,0.0,False,False,0.1724,0.6536,0.7118,1.0385,1.0927,1.6474,1.748,West Somerville,Kennedy,0.6536,0.0582,True
"81 Liberty Avenue, Somerville MA 02144",Liberty Avenue,81,42.39831,-71.117089,Brown,Brown,5,0.1719,Brown,0.1719,0.0,False,False,0.1719,0.6216,0.7236,1.0401,1.11,1.6303,1.7544,West Somerville,Kennedy,0.6216,0.102,True
"96 Liberty Avenue, Somerville MA 02144",Liberty Avenue,96,42.397954,-71.1173,Brown,Brown,6,0.1738,Brown,0.1738,0.0,False,False,0.1738,0.5988,0.7353,1.0393,1.1199,1.6165,1.7565,West Somerville,Kennedy,0.5988,0.1365,True
"111 Liberty Avenue, Somerville MA 02144",Liberty Avenue,111,42.397623,-71.117165,Brown,Brown,6,0.1625,Brown,0.1625,0.0,False,False,0.1625,0.5751,0.7574,1.0236,1.1126,1.594,1.7427,West Somerville,Kennedy,0.5751,0.1823,True
"125 Liberty Avenue, Somerville MA 02144",Liberty Avenue,125,42.397579,-71.117196,Brown,Brown,6,0.1637,Brown,0.1637,0.0,False,False,0.1637,0.5724,0.7588,1.0239,1.1142,1.5925,1.7432,West Somerville,Kennedy,0.5724,0.1864,True
"121 Liberty Road, Somerville MA 02144",Liberty Road,121,42.397127,-71.117871,Brown,Brown,7,0.1974,Brown,0.1974,0.0,False,False,0.1974,0.548,0.7632,1.0439,1.149,1.5885,1.7667,West Somerville,Kennedy,0.548,0.2152,True
"130 Liberty Road, Somerville MA 02144",Liberty Road,130,42.396752,-71.117811,Brown,Brown,8,0.1976,Brown,0.1976,0.0,False,False,0.1976,0.522,0.7862,1.0319,1.1468,1.5663,1.7565,West Somerville,Kennedy,0.522,0.2642,True
"5 Lowden Avenue, Somerville MA 02144",Lowden Avenue,5,42.400189,-71.11392,Brown,Brown,6,0.1995,Brown,0.1995,0.0,False,False,0.1995,0.7508,0.7618,0.9707,0.9647,1.6561,1.6554,West Somerville,Kennedy,0.7508,0.011,True
"20 Lowden Avenue, Somerville MA 02144",Lowden Avenue,20,42.399804,-71.114153,Brown,Brown,6,0.173,Brown,0.173,0.0,False,False,0.173,0.7231,0.7668,0.9644,0.9717,1.6384,1.6548,West Somerville,Kennedy,0.7231,0.0437,True
"35 Lowden Avenue, Somerville MA 02144",Lowden Avenue,35,42.399201,-71.114585,Brown,Brown,5,0.1344,Brown,0.1344,0.0,False,False,0.1344,0.6797,0.774,0.9592,0.9877,1.613,1.658,West Somerville,Kennedy,0.6797,0.0943,True
"50 Lowden Avenue, Somerville MA 02144",Lowden Avenue,50,42.398651,-71.114455,Brown,Brown,4,0.0959,Brown,0.0959,0.0,False,False,0.0959,0.6423,0.8033,0.9334,0.9774,1.5769,1.6372,West Somerville,Kennedy,0.6423,0.161,True
"65 Lowden Avenue, Somerville MA 02144",Lowden Avenue,65,42.398296,-71.11526,Brown,Brown,3,0.0937,Brown,0.0937,0.0,False,False,0.0937,0.6156,0.7891,0.9568,1.0168,1.5775,1.6665,West Somerville,Kennedy,0.6156,0.1735,True
"80 Lowden Avenue, Somerville MA 02144",Lowden Avenue,80,42.397652,-71.115135,Brown,Brown,3,0.0623,Brown,0.0623,0.0,False,False,0.0623,0.5713,0.8248,0.9306,1.0091,1.5366,1.6452,West Somerville,Kennedy,0.5713,0.2535,True
"93 Lowden Avenue, Somerville MA 02144",Lowden Avenue,93,42.397399,-71.115864,Brown,Brown,4,0.0948,Brown,0.0948,0.0,False,False,0.0948,0.5538,0.8122,0.9567,1.0463,1.5429,1.6748,West Somerville,Kennedy,0.5538,0.2584,True
"9 Mallet Street, Somerville MA 02144",Mallet Street,9,42.399305,-71.113812,Brown,Brown,4,0.1388,Brown,0.1388,0.0,False,False,0.1388,0.6907,0.801,0.9303,0.9495,1.5998,1.6247,West Somerville,Kennedy,0.6907,0.1103,True
"Maxwell's Green, Somerville MA 02144",Maxwell's Green,center,42.393231,-71.106296,Brown,Brown,15,0.4838,Winter Hill,0.3976,0.0862,True,False,0.4838,0.5406,1.3631,0.3976,0.6322,1.0555,1.1269,Kennedy,Winter Hill,0.3976,0.143,True
"2 Morrison Avenue, Somerville MA 02144",Morrison Avenue,2,42.39433,-71.11106,Brown,Brown,9,0.2546,Brown,0.2546,0.0,False,False,0.2546,0.4104,1.1344,0.6523,0.8311,1.2317,1.3808,West Somerville,Kennedy,0.4104,0.724,True
"17 Morrison Avenue, Somerville MA 02144",Morrison Avenue,17,42.394819,-71.111647,Brown,Brown,7,0.2097,Brown,0.2097,0.0,False,False,0.2097,0.4242,1.0892,0.6909,0.8519,1.2761,1.418,West Somerville,Kennedy,0.4242,0.665,True
"32 Morrison Avenue, Somerville MA 02144",Morrison Avenue,32,42.394627,-71.11237,Brown,Brown,7,0.2029,Brown,0.2029,0.0,False,False,0.2029,0.3961,1.0738,0.7222,0.8908,1.2845,1.4506,West Somerville,Kennedy,0.3961,0.6777,True
"47 Morrison Avenue, Somerville MA 02144",Morrison Avenue,47,42.395153,-71.112927,Brown,Brown,6,0.1584,Brown,0.1584,0.0,False,False,0.1584,0.4198,1.0278,0.7602,0.9113,1.3304,1.487,West Somerville,Kennedy,0.4198,0.608,True
"62 Morrison Avenue, Somerville MA 02144",Morrison Avenue,62,42.395345,-71.113743,Brown,Brown,5,0.1359,Brown,0.1359,0.0,False,False,0.1359,0.4215,0.9902,0.8039,0.9501,1.3646,1.5306,West Somerville,Kennedy,0.4215,0.5687,True
"77 Morrison Avenue, Somerville MA 02144",Morrison Avenue,77,42.397137,-71.118552,Brown,Brown,8,0.232,Brown,0.232,0.0,False,False,0.232,0.5573,0.7432,1.0766,1.1837,1.6107,1.8002,West Somerville,Kennedy,0.5573,0.1859,True
"92 Morrison Avenue, Somerville MA 02144",Morrison Avenue,92,42.395648,-71.114962,Brown,Brown,3,0.1242,Brown,0.1242,0.0,False,False,0.1242,0.4335,0.9342,0.8695,1.0086,1.4175,1.5961,West Somerville,Kennedy,0.4335,0.5007,True
"107 Morrison Avenue, Somerville MA 02144",Morrison Avenue,107,42.395526,-71.11571,Brown,Brown,4,0.1503,Brown,0.1503,0.0,False,False,0.1503,0.4242,0.9174,0.9033,1.0476,1.4335,1.6309,West Somerville,Kennedy,0.4242,0.4932,True
"122 Morrison Avenue, Somerville MA 02144",Morrison Avenue,122,42.395796,-71.116448,Brown,Brown,5,0.1622,Brown,0.1622,0.0,False,False,0.1622,0.4453,0.8802,0.9448,1.0827,1.4713,1.672,West Somerville,Kennedy,0.4453,0.4349,True
"137 Morrison Avenue, Somerville MA 02144",Morrison Avenue,137,42.396345,-71.11697,Brown,Brown,6,0.1649,Brown,0.1649,0.0,False,False,0.1649,0.4863,0.8338,0.982,1.1057,1.5176,1.7076,West Somerville,Kennedy,0.4863,0.3475,True
"152 Morrison Avenue, Somerville MA 02144",Morrison Avenue,152,42.396952,-71.118316,Brown,Brown,8,0.221,Brown,0.221,0.0,False,False,0.221,0.5417,0.7604,1.0608,1.172,1.5932,1.7851,West Somerville,Kennedy,0.5417,0.2187,True
"167 Morrison Avenue, Somerville MA 02144",Morrison Avenue,167,42.396592,-71.118412,Brown,Brown,8,0.2299,Brown,0.2299,0.0,False,False,0.2299,0.5191,0.7788,1.0572,1.178,1.577,1.783,West Somerville,Kennedy,0.5191,0.2597,True
"182 Morrison Avenue, Somerville MA 02144",Morrison Avenue,182,42.396813,-71.11905,Brown,Brown,9,0.2594,Brown,0.2594,0.0,False,False,0.2594,0.5437,0.7489,1.0929,1.2098,1.6097,1.8185,West Somerville,Kennedy,0.5437,0.2052,True
"197 Morrison Avenue, Somerville MA 02144",Morrison Avenue,197,42.397593,-71.119266,Brown,Brown,9,0.2689,Brown,0.2689,0.0,False,False,0.2689,0.5982,0.697,1.1219,1.2198,1.6581,1.8442,West Somerville,Kennedy,0.5982,0.0988,True
"212 Morrison Avenue, Somerville MA 02144",Morrison Avenue,212,42.397432,-71.119715,Brown,Brown,10,0.2912,Brown,0.2912,0.0,False,False,0.2912,0.5955,0.6949,1.1393,1.2427,1.6642,1.8629,West Somerville,Kennedy,0.5955,0.0994,True
"227 Morrison Avenue, Somerville MA 02144",Morrison Avenue,227,42.397269,-71.120128,Brown,Brown,10,0.3122,Brown,0.3122,0.0,False,False,0.3122,0.5931,0.6946,1.1552,1.2639,1.6694,1.88,West Somerville,Kennedy,0.5931,0.1015,True
"232 Morrison Avenue, Somerville MA 02144",Morrison Avenue,232,42.397579,-71.120096,Brown,Brown,10,0.3111,Brown,0.3111,0.0,False,False,0.3111,0.6122,0.6765,1.1611,1.2622,1.6845,1.8844,West Somerville,Kennedy,0.6122,0.0643,True
"5 Morrison Place, Somerville MA 02144",Morrison Place,5,42.397068,-71.118287,Brown,Brown,8,0.2188,Brown,0.2188,0.0,False,False,0.2188,0.5491,0.7546,1.0622,1.1703,1.5985,1.7859,West Somerville,Kennedy,0.5491,0.2055,True
"8 Morrison Place, Somerville MA 02144",Morrison Place,8,42.397176,-71.118548,Brown,Brown,8,0.2317,Brown,0.2317,0.0,False,False,0.2317,0.5598,0.741,1.0773,1.1834,1.6126,1.8008,West Somerville,Kennedy,0.5598,0.1812,True
"9 Murdock Street, Somerville MA 02145",Murdock Street,9,42.396222,-71.109161,Brown,Brown,13,0.2584,Brown,0.2584,0.0,False,False,0.2584,0.573,1.1188,0.6154,0.71,1.3029,1.3249,Winter Hill,Kennedy,0.573,0.0424,True
"24 Murdock Street, Somerville MA 02145",Murdock Street,24,42.395872,-71.108935,Brown,Brown,13,0.2772,Brown,0.2772,0.0,False,False,0.2772,0.5601,1.1428,0.5933,0.7021,1.2761,1.306,Winter Hill,Kennedy,0.5601,0.0332,True
"39 Murdock Street, Somerville MA 02145",Murdock Street,39,42.395207,-71.108516,Brown,Brown,13,0.3155,Brown,0.3155,0.0,False,False,0.3155,0.5381,1.1884,0.553,0.6902,1.2254,1.2715,Winter Hill,Kennedy,0.5381,0.0149,True
"54 Murdock Street, Somerville MA 02145",Murdock Street,54,42.394986,-71.107908,Brown,Brown,13,0.3501,Brown,0.3501,0.0,False,False,0.3501,0.5483,1.222,0.5184,0.664,1.199,1.2373,Winter Hill,Winter Hill,0.5184,0.0,False
"65 Murdock Street, Somerville MA 02145",Murdock Street,65,42.394654,-71.108468,Brown,Brown,12,0.3368,Brown,0.3368,0.0,False,False,0.3368,0.5119,1.2149,0.5349,0.6977,1.1896,1.2583,Winter Hill,Kennedy,0.5119,0.023,True
"2 Pearson Avenue, Somerville MA 02144",Pearson Avenue,2,42.394875,-71.112552,Brown,Brown,6,0.1835,Brown,0.1835,0.0,False,False,0.1835,0.4083,1.0548,0.7361,0.8962,1.3039,1.4637,West Somerville,Kennedy,0.4083,0.6465,True
"17 Pearson Avenue, Somerville MA 02144",Pearson Avenue,17,42.395525,-71.112093,Brown,Brown,5,0.157,Brown,0.157,0.0,False,False,0.157,0.4587,1.0385,0.729,0.865,1.3296,1.4527,West Somerville,Kennedy,0.4587,0.5798,True
"32 Pearson Avenue, Somerville MA 02144",Pearson Avenue,32,42.395908,-71.112307,Brown,Brown,5,0.1297,Brown,0.1297,0.0,False,False,0.1297,0.4795,1.0121,0.7491,0.872,1.3579,1.4706,West Somerville,Kennedy,0.4795,0.5326,True
"47 Pearson Avenue, Somerville MA 02144",Pearson Avenue,47,42.396169,-71.11166,Brown,Brown,4,0.1432,Brown,0.1432,0.0,False,False,0.1432,0.5083,1.0237,0.7263,0.837,1.357,1.4445,West Somerville,Kennedy,0.5083,0.5154,True
"62 Pearson Avenue, Somerville MA 02144",Pearson Avenue,62,42.396592,-71.111391,Brown,Brown,4,0.1424,Brown,0.1424,0.0,False,False,0.1424,0.5406,1.0145,0.7272,0.8205,1.3761,1.4407,West Somerville,Kennedy,0.5406,0.4739,True
"77 Pearson Avenue, Somerville MA 02144",Pearson Avenue,77,42.397024,-71.111076,Brown,Brown,4,0.1509,Brown,0.1509,0.0,False,False,0.1509,0.5743,1.0078,0.7277,0.8027,1.3951,1.4357,West Somerville,Kennedy,0.5743,0.4335,True
"92 Pearson Avenue, Somerville MA 02144",Pearson Avenue,92,42.39694,-71.111156,Brown,Brown,4,0.1478,Brown,0.1478,0.0,False,False,0.1478,0.5674,1.0083,0.7283,0.807,1.3918,1.4376,West Somerville,Kennedy,0.5674,0.4409,True
"107 Pearson Avenue, Somerville MA 02144",Pearson Avenue,107,42.397278,-71.111289,Brown,Brown,4,0.1388,Brown,0.1388,0.0,False,False,0.1388,0.5864,0.9883,0.7461,0.813,1.4157,1.4521,West Somerville,Kennedy,0.5864,0.4019,True
"116 Pearson Avenue, Somerville MA 02144",Pearson Avenue,116,42.398218,-71.110742,Brown,Brown,6,0.1784,Brown,0.1784,0.0,False,False,0.1784,0.6571,0.9723,0.7592,0.7863,1.4618,1.4511,West Somerville,Kennedy,0.6571,0.3152,True
"1 Pearson Road, Somerville MA 02144",Pearson Road,1,42.400712,-71.113871,Brown,Brown,7,0.2357,Brown,0.2357,0.0,False,False,0.2357,0.7869,0.745,0.9911,0.9697,1.6869,1.6693,,,,,
"16 Pearson Road, Somerville MA 02144",Pearson Road,16,42.401215,-71.114305,Brown,Brown,8,0.2708,Brown,0.2708,0.0,False,False,0.2708,0.8195,0.7086,1.0302,0.9996,1.728,1.7049,,,,,
"31 Pearson Road, Somerville MA 02144",Pearson Road,31,42.401617,-71.114544,Brown,Brown,9,0.2994,Brown,0.2994,0.0,False,False,0.2994,0.8464,0.6847,1.0575,1.0187,1.7582,1.7287,,,,,
"39 Pearson Road, Somerville MA 02144",Pearson Road,39,42.401859,-71.114583,Brown,Brown,9,0.3162,Brown,0.3162,0.0,False,False,0.3162,0.863,0.6754,1.0699,1.0254,1.774,1.7384,,,,,
"1 Powder House Terrace, Somerville MA 02144",Powder House Terrace,1,42.39898,-71.117338,Brown,Brown,6,0.2056,Brown,0.2056,0.0,False,False,0.2056,0.6692,0.6808,1.0726,1.1259,1.6755,1.7824,West Somerville,Kennedy,0.6692,0.0116,True
"16 Powder House Terrace, Somerville MA 02144",Powder House Terrace,16,42.399559,-71.117398,Brown,Brown,7,0.2328,Brown,0.2328,0.0,False,False,0.2328,0.7092,0.65,1.0946,1.1332,1.7103,1.8,West Somerville,West Somerville,0.65,0.0,False
"31 Powder House Terrace, Somerville MA 02144",Powder House Terrace,31,42.399462,-71.117358,Brown,Brown,7,0.2268,Brown,0.2268,0.0,False,False,0.2268,0.7023,0.6562,1.0895,1.1303,1.7036,1.7955,West Somerville,West Somerville,0.6562,0.0,False
"39 Powder House Terrace, Somerville MA 02144",Powder House Terrace,39,42.399534,-71.116279,Brown,Brown,6,0.1928,Brown,0.1928,0.0,False,False,0.1928,0.7021,0.6929,1.0446,1.0763,1.6776,1.7465,West Somerville,West Somerville,0.6929,0.0,False
"5 Prichard Avenue, Somerville MA 02144",Prichard Avenue,5,42.395027,-71.111646,Brown,Brown,7,0.1981,Brown,0.1981,0.0,False,False,0.1981,0.437,1.079,0.6956,0.8488,1.2884,1.4215,West Somerville,Kennedy,0.437,0.642,True
"20 Prichard Avenue, Somerville MA 02144",Prichard Avenue,20,42.395435,-71.11179,Brown,Brown,6,0.1717,Brown,0.1717,0.0,False,False,0.1717,0.4592,1.0538,0.7123,0.8508,1.3164,1.4361,West Somerville,Kennedy,0.4592,0.5946,True
"35 Prichard Avenue, Somerville MA 02144",Prichard Avenue,35,42.395752,-71.11116,Brown,Brown,5,0.1806,Brown,0.1806,0.0,False,False,0.1806,0.4929,1.0619,0.6911,0.8155,1.3195,1.4115,West Somerville,Kennedy,0.4929,0.569,True
"50 Prichard Avenue, Somerville MA 02144",Prichard Avenue,50,42.396274,-71.11122,Brown,Brown,5,0.1591,Brown,0.1591,0.0,False,False,0.1591,0.524,1.0355,0.7094,0.8139,1.3526,1.4254,West Somerville,Kennedy,0.524,0.5115,True
"65 Prichard Avenue, Somerville MA 02144",Prichard Avenue,65,42.396722,-71.110496,Brown,Brown,5,0.1837,Brown,0.1837,0.0,False,False,0.1837,0.568,1.0439,0.6916,0.7743,1.3632,1.4007,West Somerville,Kennedy,0.568,0.4759,True
"80 Prichard Avenue, Somerville MA 02144",Prichard Avenue,80,42.397142,-71.110656,Brown,Brown,5,0.1715,Brown,0.1715,0.0,False,False,0.1715,0.5905,1.0196,0.7136,0.7809,1.3928,1.4186,West Somerville,Kennedy,0.5905,0.4291,True
"95 Prichard Avenue, Somerville MA 02144",Prichard Avenue,95,42.397682,-71.110223,Brown,Brown,6,0.195,Brown,0.195,0.0,False,False,0.195,0.6337,1.0151,0.716,0.7585,1.4171,1.4121,West Somerville,Kennedy,0.6337,0.3814,True
"100 Prichard Avenue, Somerville MA 02144",Prichard Avenue,100,42.397651,-71.110294,Brown,Brown,6,0.1911,Brown,0.1911,0.0,False,False,0.1911,0.6302,1.0134,0.7177,0.7621,1.4167,1.4146,West Somerville,Kennedy,0.6302,0.3832,True
"4 Princeton Street, Somerville MA 02145",Princeton Street,4,42.392857,-71.10847,Brown,Brown,18,0.4174,Brown,0.4174,0.0,False,False,0.4174,0.4324,1.2995,0.5004,0.7428,1.0783,1.2307,Kennedy,Kennedy,0.4324,0.0,False
"19 Princeton Street, Somerville MA 02145",Princeton Street,19,42.393201,-71.108243,Brown,Brown,13,0.4085,Brown,0.4085,0.0,False,False,0.4085,0.4554,1.2912,0.4935,0.7222,1.0942,1.2238,Kennedy,Kennedy,0.4554,0.0,False
"34 Princeton Street, Somerville MA 02145",Princeton Street,34,42.392803,-71.107958,Brown,Brown,17,0.4382,Brown,0.4382,0.0,False,False,0.4382,0.4524,1.3207,0.474,0.721,1.0631,1.2044,Kennedy,Kennedy,0.4524,0.0,False
"49 Princeton Street, Somerville MA 02145",Princeton Street,49,42.392415,-71.106647,Brown,Brown,16,0.5051,Winter Hill,0.4039,0.1012,True,False,0.5051,0.4989,1.3876,0.4039,0.6757,1.0104,1.1339,Kennedy,Winter Hill,0.4039,0.095,True
"57 Princeton Street, Somerville MA 02145",Princeton Street,57,42.392921,-71.107325,Brown,Brown,14,0.4561,Winter Hill,0.4437,0.0124,True,False,0.4561,0.4844,1.3384,0.4437,0.6886,1.0565,1.1741,Kennedy,Winter Hill,0.4437,0.0407,True
"2 Rogers Avenue, Somerville MA 02144",Rogers Avenue,2,42.395517,-71.114407,Brown,Brown,4,0.125,Brown,0.125,0.0,False,False,0.125,0.4273,0.9592,0.8398,0.9818,1.3937,1.5664,West Somerville,Kennedy,0.4273,0.5319,True
"17 Rogers Avenue, Somerville MA 02144",Rogers Avenue,17,42.395869,-71.11363,Brown,Brown,4,0.1009,Brown,0.1009,0.0,False,False,0.1009,0.4581,0.967,0.8107,0.9393,1.3915,1.5346,West Somerville,Kennedy,0.4581,0.5089,True
"32 Rogers Avenue, Somerville MA 02144",Rogers Avenue,32,42.396531,-71.1137,Brown,Brown,3,0.0556,Brown,0.0556,0.0,False,False,0.0556,0.5022,0.9314,0.8314,0.9383,1.4319,1.5512,West Somerville,Kennedy,0.5022,0.4292,True
"47 Rogers Avenue, Somerville MA 02144",Rogers Avenue,47,42.396914,-71.112947,Brown,Brown,2,0.0605,Brown,0.0605,0.0,False,False,0.0605,0.5364,0.9405,0.8079,0.8984,1.4344,1.523,West Somerville,Kennedy,0.5364,0.4041,True
"62 Rogers Avenue, Somerville MA 02144",Rogers Avenue,62,42.397578,-71.112967,Brown,Brown,2,0.0565,Brown,0.0565,0.0,False,False,0.0565,0.5807,0.9091,0.8304,0.8984,1.4746,1.5395,West Somerville,Kennedy,0.5807,0.3284,True
"77 Rogers Avenue, Somerville MA 02144",Rogers Avenue,77,42.397848,-71.112287,Brown,Brown,3,0.0957,Brown,0.0957,0.0,False,False,0.0957,0.6074,0.924,0.8101,0.864,1.4742,1.5139,West Somerville,Kennedy,0.6074,0.3166,True
"92 Rogers Avenue, Somerville MA 02144",Rogers Avenue,92,42.398407,-71.112415,Brown,Brown,4,0.1116,Brown,0.1116,0.0,False,False,0.1116,0.643,0.8952,0.8365,0.8723,1.5114,1.5346,West Somerville,Kennedy,0.643,0.2522,True
"107 Rogers Avenue, Somerville MA 02144",Rogers Avenue,107,42.398147,-71.112501,Brown,Brown,3,0.0966,Brown,0.0966,0.0,False,False,0.0966,0.6245,0.9026,0.8303,0.8757,1.4975,1.5318,West Somerville,Kennedy,0.6245,0.2781,True
"122 Rogers Avenue, Somerville MA 02144",Rogers Avenue,122,42.39923,-71.111848,Brown,Brown,5,0.173,Brown,0.173,0.0,False,False,0.173,0.7054,0.8866,0.8465,0.8494,1.5492,1.5315,West Somerville,Kennedy,0.7054,0.1812,True
"130 Rogers Avenue, Somerville MA 02144",Rogers Avenue,130,42.39935,-71.111782,Brown,Brown,5,0.1815,Brown,0.1815,0.0,False,False,0.1815,0.7143,0.885,0.849,0.8473,1.5552,1.532,West Somerville,Kennedy,0.7143,0.1707,True
"10 Warwick Street, Somerville MA 02145",Warwick Street,10,42.394533,-71.110144,Brown,Brown,9,0.2748,Brown,0.2748,0.0,False,False,0.2748,0.4491,1.1574,0.6119,0.7823,1.2207,1.3388,Winter Hill,Kennedy,0.4491,0.1628,True
"25 Warwick Street, Somerville MA 02145",Warwick Street,25,42.393951,-71.109732,Brown,Brown,10,0.3182,Brown,0.3182,0.0,False,False,0.3182,0.4321,1.2006,0.5799,0.7739,1.1753,1.3089,Winter Hill,Kennedy,0.4321,0.1478,True
"40 Warwick Street, Somerville MA 02145",Warwick Street,40,42.394005,-71.109888,Brown,Brown,10,0.3101,Brown,0.3101,0.0,False,False,0.3101,0.4295,1.1923,0.5886,0.7803,1.1824,1.3175,Winter Hill,Kennedy,0.4295,0.1591,True
"55 Warwick Street, Somerville MA 02145",Warwick Street,55,42.393711,-71.108441,Brown,Brown,12,0.3772,Brown,0.3772,0.0,False,False,0.3772,0.4689,1.2596,0.512,0.7177,1.1302,1.241,Winter Hill,Kennedy,0.4689,0.0431,True
"70 Warwick Street, Somerville MA 02145",Warwick Street,70,42.393703,-71.10919,Brown,Brown,11,0.3498,Brown,0.3498,0.0,False,False,0.3498,0.4397,1.2323,0.5487,0.7536,1.1471,1.2782,Winter Hill,Kennedy,0.4397,0.109,True
"85 Warwick Street, Somerville MA 02145",Warwick Street,85,42.394109,-71.108284,Brown,Brown,12,0.3661,Brown,0.3661,0.0,False,False,0.3661,0.4928,1.2469,0.5127,0.7005,1.1515,1.2396,Winter Hill,Kennedy,0.4928,0.0199,True
"94 Warwick Street, Somerville MA 02145",Warwick Street,94,42.393466,-71.108632,Brown,Brown,12,0.3815,Brown,0.3815,0.0,False,False,0.3815,0.4506,1.2642,0.517,0.7331,1.1194,1.2469,Winter Hill,Kennedy,0.4506,0.0664,True
"130 Willow Avenue, Somerville MA 02144",Willow Avenue,130,42.39545,-71.116194,Brown,Brown,5,0.1697,Brown,0.1697,0.0,False,False,0.1697,0.4202,0.9072,0.9254,1.0727,1.4445,1.6536,West Somerville,Kennedy,0.4202,0.487,True
"145 Willow Avenue, Somerville MA 02144",Willow Avenue,145,42.395828,-71.115803,Brown,Brown,4,0.1369,Brown,0.1369,0.0,False,False,0.1369,0.4452,0.8979,0.9142,1.0497,1.453,1.6407,West Somerville,Kennedy,0.4452,0.4527,True
"160 Willow Avenue, Somerville MA 02144",Willow Avenue,160,42.396468,-71.115434,Brown,Brown,4,0.0927,Brown,0.0927,0.0,False,False,0.0927,0.4892,0.8751,0.9115,1.0269,1.4776,1.6346,West Somerville,Kennedy,0.4892,0.3859,True
"175 Willow Avenue, Somerville MA 02144",Willow Avenue,175,42.396825,-71.115119,Brown,Brown,3,0.0655,Brown,0.0655,0.0,False,False,0.0655,0.5143,0.8671,0.9059,1.0094,1.4886,1.6264,West Somerville,Kennedy,0.5143,0.3528,True
"190 Willow Avenue, Somerville MA 02144",Willow Avenue,190,42.39716,-71.114525,Brown,Brown,2,0.028,Brown,0.028,0.0,False,False,0.028,0.5394,0.8709,0.8878,0.9782,1.4912,1.6047,West Somerville,Kennedy,0.5394,0.3315,True
"205 Willow Avenue, Somerville MA 02144",Willow Avenue,205,42.397701,-71.114517,Brown,Brown,2,0.0378,Brown,0.0378,0.0,False,False,0.0378,0.5767,0.8449,0.904,0.9776,1.5225,1.6167,West Somerville,Kennedy,0.5767,0.2682,True
"220 Willow Avenue, Somerville MA 02144",Willow Avenue,220,42.398138,-71.113857,Brown,Brown,2,0.0583,Brown,0.0583,0.0,False,False,0.0583,0.6105,0.8495,0.8891,0.9447,1.5308,1.5958,West Somerville,Kennedy,0.6105,0.239,True
"235 Willow Avenue, Somerville MA 02144",Willow Avenue,235,42.398561,-71.113502,Brown,Brown,3,0.0908,Brown,0.0908,0.0,False,False,0.0908,0.6421,0.8448,0.8888,0.9284,1.5472,1.5899,West Somerville,Kennedy,0.6421,0.2027,True
"250 Willow Avenue, Somerville MA 02144",Willow Avenue,250,42.399009,-71.113764,Brown,Brown,4,0.1186,Brown,0.1186,0.0,False,False,0.1186,0.6708,0.8152,0.9168,0.9446,1.5807,1.6142,West Somerville,Kennedy,0.6708,0.1444,True
"265 Willow Avenue, Somerville MA 02144",Willow Avenue,265,42.399396,-71.112984,Brown,Brown,4,0.1539,Brown,0.1539,0.0,False,False,0.1539,0.7035,0.8319,0.8996,0.9084,1.5854,1.5888,West Somerville,Kennedy,0.7035,0.1284,True
"275 Willow Avenue, Somerville MA 02144",Willow Avenue,275,42.399705,-71.112768,Brown,Brown,5,0.1777,Brown,0.1777,0.0,False,False,0.1777,0.7266,0.8293,0.9037,0.9008,1.5994,1.588,West Somerville,Kennedy,0.7266,0.1027,True
"5 Wilson Avenue, Somerville MA 02144",Wilson Avenue,5,42.398399,-71.108965,Brown,Brown,9,0.2683,Brown,0.2683,0.0,False,False,0.2683,0.7068,1.0418,0.6968,0.6968,1.4376,1.374,West Somerville,Winter Hill,0.6968,0.345,True
"20 Wilson Avenue, Somerville MA 02144",Wilson Avenue,20,42.397898,-71.10894,Brown,Brown,10,0.262,Brown,0.262,0.0,False,False,0.262,0.6772,1.0611,0.6732,0.6934,1.405,1.3581,West Somerville,Winter Hill,0.6732,0.3879,True
"11 Winslow Avenue, Somerville MA 02144",Winslow Avenue,11,42.397053,-71.121142,Brown,Brown,11,0.3643,Brown,0.3643,0.0,False,False,0.3643,0.6022,0.6858,1.1994,1.3159,1.6928,1.9258,West Somerville,Kennedy,0.6022,0.0836,True
"26 Winslow Avenue, Somerville MA 02144",Winslow Avenue,26,42.397133,-71.120398,Brown,Brown,11,0.3262,Brown,0.3262,0.0,False,False,0.3262,0.5901,0.6967,1.1652,1.2779,1.6714,1.8907,West Somerville,Kennedy,0.5901,0.1066,True
"41 Winslow Avenue, Somerville MA 02144",Winslow Avenue,41,42.39683,-71.119615,Brown,Brown,10,0.2879,Brown,0.2879,0.0,False,False,0.2879,0.555,0.7337,1.1206,1.2386,1.6293,1.8466,West Somerville,Kennedy,0.555,0.1787,True
"56 Winslow Avenue, Somerville MA 02144",Winslow Avenue,56,42.396622,-71.119198,Brown,Brown,9,0.2689,Brown,0.2689,0.0,False,False,0.2689,0.5338,0.7566,1.0959,1.218,1.6045,1.8223,West Somerville,Kennedy,0.5338,0.2228,True
"71 Winslow Avenue, Somerville MA 02144",Winslow Avenue,71,42.396195,-71.118844,Brown,Brown,9,0.2582,Brown,0.2582,0.0,False,False,0.2582,0.4999,0.7911,1.0697,1.2018,1.5704,1.7973,West Somerville,Kennedy,0.4999,0.2912,True
"86 Winslow Avenue, Somerville MA 02144",Winslow Avenue,86,42.395976,-71.118296,Brown,Brown,8,0.2371,Brown,0.2371,0.0,False,False,0.2371,0.4767,0.8182,1.0386,1.1752,1.5407,1.7665,West Somerville,Kennedy,0.4767,0.3415,True
"99 Winslow Avenue, Somerville MA 02144",Winslow Avenue,99,42.395953,-71.118226,Brown,Brown,8,0.2344,Brown,0.2344,0.0,False,False,0.2344,0.4741,0.8214,1.0347,1.1718,1.5371,1.7626,West Somerville,Kennedy,0.4741,0.3473,True
