address,street,num,"Geocodio Latitude","Geocodio Longitude","Geocodio Accuracy Score","Geocodio Accuracy Type","Geocodio Address Line 1","Geocodio Address Line 2","Geocodio Address Line 3","Geocodio Address Line 4","Geocodio House Number","Geocodio Street","Geocodio Unit Type","Geocodio Unit Number","Geocodio City","Geocodio State / Province","Geocodio Nation","Geocodio County","Geocodio Postal Code","Geocodio Country","Geocodio Building Name","Geocodio Source","Geocodio Stable Address Key","Geocodio Match Type"
"128 Albion Court, Somerville MA 02145","Albion Court",128,42.392115,-71.109173,1,rooftop,"128 Albion Ct",,"Somerville, MA 02144",,128,"Albion Ct",,,Somerville,MA,,"Middlesex County",02144,US,,"Office of Geographic Information (MassGIS), Commonwealth of Massachusetts, MassIT",gcod_usnp85fusxqd98xhysh8hgyaaggf7,building_centroid
"134 Albion Court, Somerville MA 02145","Albion Court",134,42.392195,-71.109307,1,rooftop,"134 Albion Ct",,"Somerville, MA 02144",,134,"Albion Ct",,,Somerville,MA,,"Middlesex County",02144,US,,"Office of Geographic Information (MassGIS), Commonwealth of Massachusetts, MassIT",gcod_usnp85fusxqd98xhznzmgurvb3m9e,building_centroid
"8 Albion Place, Somerville MA 02145","Albion Place",8,42.392395,-71.108521,1,rooftop,"8 Albion Pl",,"Somerville, MA 02144",,8,"Albion Pl",,,Somerville,MA,,"Middlesex County",02144,US,,"Office of Geographic Information (MassGIS), Commonwealth of Massachusetts, MassIT",gcod_usnqz7qrabdb9secax7rcxzhvry36,building_centroid
"17 Albion Place, Somerville MA 02145","Albion Place",17,42.392401,-71.108203,1,rooftop,"17 Albion Pl",,"Somerville, MA 02144",,17,"Albion Pl",,,Somerville,MA,,"Middlesex County",02144,US,,"Office of Geographic Information (MassGIS), Commonwealth of Massachusetts, MassIT",gcod_usnqz7qrabdb9seclj24c53xzb8le,building_centroid
"94 Albion Street, Somerville MA 02145","Albion Street",94,42.391315,-71.107361,1,rooftop,"94 Albion St",,"Somerville, MA 02144",,94,"Albion St",,,Somerville,MA,,"Middlesex County",02144,US,,"Office of Geographic Information (MassGIS), Commonwealth of Massachusetts, MassIT",gcod_usnzejbfcn5cnpvhap8c39dmpczh8,building_centroid
"109 Albion Street, Somerville MA 02145","Albion Street",109,42.391696,-71.108221,1,range_interpolation,"109 Albion St",,"Somerville, MA 02144",,109,"Albion St",,,Somerville,MA,,"Middlesex County",02144,US,,"TIGER/Line® from the US Census Bureau",gcod_usnzejbfcn5cnpvhnfn4u6dmvkpzd,
"124 Albion Street, Somerville MA 02145","Albion Street",124,42.391988,-71.10891,1,rooftop,"124 Albion St",,"Somerville, MA 02144",,124,"Albion St",,,Somerville,MA,,"Middlesex County",02144,US,,"Office of Geographic Information (MassGIS), Commonwealth of Massachusetts, MassIT",gcod_usnzejbfcn5cnpvhxy2yb8j9up2v9,building_centroid
"139 Albion Street, Somerville MA 02145","Albion Street",139,42.392529,-71.109333,1,rooftop,"139 Albion St",,"Somerville, MA 02144",,139,"Albion St",,,Somerville,MA,,"Middlesex County",02144,US,,"Office of Geographic Information (MassGIS), Commonwealth of Massachusetts, MassIT",gcod_usnzejbfcn5cnpvhyyaexrkwbwmr7,building_centroid
"154 Albion Street, Somerville MA 02145","Albion Street",154,42.392593,-71.110342,1,rooftop,"154 Albion St",,"Somerville, MA 02144",,154,"Albion St",,,Somerville,MA,,"Middlesex County",02144,US,,"Office of Geographic Information (MassGIS), Commonwealth of Massachusetts, MassIT",gcod_usnzejbfcn5cnpvhgla9xfk3v6d8e,building_centroid
"169 Albion Street, Somerville MA 02145","Albion Street",169,42.393154,-71.110911,1,rooftop,"169 Albion St",,"Somerville, MA 02144",,169,"Albion St",,,Somerville,MA,,"Middlesex County",02144,US,,"Office of Geographic Information (MassGIS), Commonwealth of Massachusetts, MassIT",gcod_usnzejbfcn5cnpvh5mbx6e8d2hxy7,building_centroid
"179 Albion Street, Somerville MA 02145","Albion Street",179,42.393312,-71.111405,1,rooftop,"179C Albion St",,"Somerville, MA 02144",,179C,"Albion St",,,Somerville,MA,,"Middlesex County",02144,US,,"Office of Geographic Information (MassGIS), Commonwealth of Massachusetts, MassIT",gcod_usnzejbfcn5cnpvh45x5ynkpxml42,building_centroid
"100 Albion Terrace, Somerville MA 02145","Albion Terrace",100,42.391458,-71.1077,1,rooftop,"100 Albion Ter",,"Somerville, MA 02144",,100,"Albion Ter",,,Somerville,MA,,"Middlesex County",02144,US,,"Office of Geographic Information (MassGIS), Commonwealth of Massachusetts, MassIT",gcod_usnl2umwkbsmd27flrjqznp3ex4w6,building_centroid
"104 Albion Terrace, Somerville MA 02145","Albion Terrace",104,42.391543,-71.10789,1,rooftop,"104 Albion Ter",,"Somerville, MA 02144",,104,"Albion Ter",,,Somerville,MA,,"Middlesex County",02144,US,,"Office of Geographic Information (MassGIS), Commonwealth of Massachusetts, MassIT",gcod_usnl2umwkbsmd27flhvr2n8jk7b8c,building_centroid
"12 Alpine Street, Somerville MA 02145","Alpine Street",12,42.393693,-71.110629,1,rooftop,"12 Alpine St",,"Somerville, MA 02144",,12,"Alpine St",,,Somerville,MA,,"Middlesex County",02144,US,,"Office of Geographic Information (MassGIS), Commonwealth of Massachusetts, MassIT",gcod_usns6bp3eecanku8kfmtzbda7vd95,building_centroid
"27 Alpine Street, Somerville MA 02145","Alpine Street",27,42.393237,-71.110206,1,rooftop,"27 Alpine St",,"Somerville, MA 02144",,27,"Alpine St",,,Somerville,MA,,"Middlesex County",02144,US,,"Office of Geographic Information (MassGIS), Commonwealth of Massachusetts, MassIT",gcod_usns6bp3eecanku87wu42ac6g435e,building_centroid
"42 Alpine Street, Somerville MA 02145","Alpine Street",42,42.393292,-71.10936,1,rooftop,"42 Alpine St",,"Somerville, MA 02144",,42,"Alpine St",,,Somerville,MA,,"Middlesex County",02144,US,,"Office of Geographic Information (MassGIS), Commonwealth of Massachusetts, MassIT",gcod_usns6bp3eecanku8m6fhgku83xtt4,building_centroid
"57 Alpine Street, Somerville MA 02145","Alpine Street",57,42.39279,-71.108793,1,rooftop,"57 Alpine St",,"Somerville, MA 02144",,57,"Alpine St",,,Somerville,MA,,"Middlesex County",02144,US,,"Office of Geographic Information (MassGIS), Commonwealth of Massachusetts, MassIT",gcod_usns6bp3eecanku8w6tu2qxjcfrbe,building_centroid
"72 Alpine Street, Somerville MA 02145","Alpine Street",72,42.392726,-71.108014,1,rooftop,"72 Alpine St",,"Somerville, MA 02144",,72,"Alpine St",,,Somerville,MA,,"Middlesex County",02144,US,,"Office of Geographic Information (MassGIS), Commonwealth of Massachusetts, MassIT",gcod_usns6bp3eecanku8gq2pgmfna8h96,building_centroid
"87 Alpine Street, Somerville MA 02145","Alpine Street",87,42.392314,-71.107658,1,rooftop,"87 Alpine St",,"Somerville, MA 02144",,87,"Alpine St",,,Somerville,MA,,"Middlesex County",02144,US,,"Office of Geographic Information (MassGIS), Commonwealth of Massachusetts, MassIT",gcod_usns6bp3eecanku8ctfyxdqkmxxjd,building_centroid
"102 Alpine Street, Somerville MA 02145","Alpine Street",102,42.392251,-71.106749,1,rooftop,"102 Alpine St",,"Somerville, MA 02144",,102,"Alpine St",,,Somerville,MA,,"Middlesex County",02144,US,,"Office of Geographic Information (MassGIS), Commonwealth of Massachusetts, MassIT",gcod_usns6bp3eecanku8jzlex65tn642h,building_centroid
"2 Appleton Street, Somerville MA 02144","Appleton Street",2,42.396239,-71.115637,1,rooftop,"2 Appleton St",,"Somerville, MA 02144",,2,"Appleton St",,,Somerville,MA,,"Middlesex County",02144,US,,"Office of Geographic Information (MassGIS), Commonwealth of Massachusetts, MassIT",gcod_usnum36khuymtxp4bxeuz9xffatgb,building_centroid
"17 Appleton Street, Somerville MA 02144","Appleton Street",17,42.39684,-71.116294,1,rooftop,"17 Appleton St",,"Somerville, MA 02144",,17,"Appleton St",,,Somerville,MA,,"Middlesex County",02144,US,,"Office of Geographic Information (MassGIS), Commonwealth of Massachusetts, MassIT",gcod_usnum36khuymtxp4a56njtdtx29da,building_centroid
"32 Appleton Street, Somerville MA 02144","Appleton Street",32,42.397043,-71.117584,1,rooftop,"32 Appleton St",,"Somerville, MA 02144",,32,"Appleton St",,,Somerville,MA,,"Middlesex County",02144,US,,"Office of Geographic Information (MassGIS), Commonwealth of Massachusetts, MassIT",gcod_usnum36khuymtxp4rvecekq6x9qff,building_centroid
"34 Appleton Street, Somerville MA 02144","Appleton Street",34,42.397147,-71.11706,1,range_interpolation,"34 Appleton St",,"Somerville, MA 02144",,34,"Appleton St",,,Somerville,MA,,"Middlesex County",02144,US,,"TIGER/Line® from the US Census Bureau",gcod_usnum36khuymtxp4vab3lh3mbcfn3,
"7 Bay State Avenue, Somerville MA 02144","Bay State Avenue",7,42.400375,-71.114788,1,rooftop,"7 Bay State Ave",,"Somerville, MA 02144",,7,"Bay State Ave",,,Somerville,MA,,"Middlesex County",02144,US,,"Office of Geographic Information (MassGIS), Commonwealth of Massachusetts, MassIT",gcod_usnwt3k5wxrshet3qu4mbbukujeqb,building_centroid
"22 Bay State Avenue, Somerville MA 02144","Bay State Avenue",22,42.39995,-71.114981,1,range_interpolation,"22 Bay State Ave",,"Somerville, MA 02144",,22,"Bay State Ave",,,Somerville,MA,,"Middlesex County",02144,US,,"TIGER/Line® from the US Census Bureau",gcod_usnwt3k5wxrshet38xjw486feq8t9,
"37 Bay State Avenue, Somerville MA 02144","Bay State Avenue",37,42.399397,-71.115436,1,rooftop,"37 Bay State Ave",,"Somerville, MA 02144",,37,"Bay State Ave",,,Somerville,MA,,"Middlesex County",02144,US,,"Office of Geographic Information (MassGIS), Commonwealth of Massachusetts, MassIT",gcod_usnwt3k5wxrshet3fbeukvt2dq9w7,building_centroid
"52 Bay State Avenue, Somerville MA 02144","Bay State Avenue",52,42.398842,-71.115297,1,rooftop,"52 Bay State Ave",,"Somerville, MA 02144",,52,"Bay State Ave",,,Somerville,MA,,"Middlesex County",02144,US,,"Office of Geographic Information (MassGIS), Commonwealth of Massachusetts, MassIT",gcod_usnwt3k5wxrshet3fwbc8v3z26vgd,building_centroid
"67 Bay State Avenue, Somerville MA 02144","Bay State Avenue",67,42.398326,-71.11571,1,range_interpolation,"67 Bay State Ave",,"Somerville, MA 02144",,67,"Bay State Ave",,,Somerville,MA,,"Middlesex County",02144,US,,"TIGER/Line® from the US Census Bureau",gcod_usnwt3k5wxrshet3gc4ye8wka6sad,
"69 Bay State Avenue, Somerville MA 02144","Bay State Avenue",69,42.398516,-71.116152,1,rooftop,"69 Bay State Ave",,"Somerville, MA 02144",,69,"Bay State Ave",,,Somerville,MA,,"Middlesex County",02144,US,,"Office of Geographic Information (MassGIS), Commonwealth of Massachusetts, MassIT",gcod_usnwt3k5wxrshet3zlazbys2r3hh3,building_centroid
"7 Bellevue Terrace, Somerville MA 02144","Bellevue Terrace",7,42.392728,-71.109314,1,rooftop,"7 Bellevue Ter",,"Somerville, MA 02144",,7,"Bellevue Ter",,,Somerville,MA,,"Middlesex County",02144,US,,"Office of Geographic Information (MassGIS), Commonwealth of Massachusetts, MassIT",gcod_usn5alejvrk8bnm8xcwtgppu3fpjb,building_centroid
"10 Bellevue Terrace, Somerville MA 02144","Bellevue Terrace",10,42.392819,-71.109578,1,rooftop,"10 Bellevue Ter",,"Somerville, MA 02144",,10,"Bellevue Ter",,,Somerville,MA,,"Middlesex County",02144,US,,"Office of Geographic Information (MassGIS), Commonwealth of Massachusetts, MassIT",gcod_usn5alejvrk8bnm8wsasufqtatx6b,building_centroid
"1 Boston Avenue, Somerville MA 02144","Boston Avenue",1,42.394851,-71.111016,0.91,nearest_rooftop_match,"5 Boston Ave",,"Somerville, MA 02144",,5,"Boston Ave",,,Somerville,MA,,"Middlesex County",02144,US,,"Office of Geographic Information (MassGIS), Commonwealth of Massachusetts, MassIT",gcod_usnnlkrc6t9faen32ezy2cwdb9cz3,building_centroid
"16 Boston Avenue, Somerville MA 02144","Boston Avenue",16,42.395244,-71.111197,1,rooftop,"16 Boston Ave",,"Somerville, MA 02144",,16,"Boston Ave",,,Somerville,MA,,"Middlesex County",02144,US,,"Office of Geographic Information (MassGIS), Commonwealth of Massachusetts, MassIT",gcod_usnnlkrc6t9faen3uxf6urmmltbmg,building_centroid
"31 Boston Avenue, Somerville MA 02144","Boston Avenue",31,42.395548,-71.110541,1,rooftop,"31 Boston Ave",,"Somerville, MA 02144",,31,"Boston Ave",,,Somerville,MA,,"Middlesex County",02144,US,,"Office of Geographic Information (MassGIS), Commonwealth of Massachusetts, MassIT",gcod_usnnlkrc6t9faen3lu7pnujvdkk27,building_centroid
"46 Boston Avenue, Somerville MA 02144","Boston Avenue",46,42.396059,-71.110652,1,rooftop,"46 Boston Ave",,"Somerville, MA 02144",,46,"Boston Ave",,,Somerville,MA,,"Middlesex County",02144,US,,"Office of Geographic Information (MassGIS), Commonwealth of Massachusetts, MassIT",gcod_usnnlkrc6t9faen3u3leykvrpr6s7,building_centroid
"61 Boston Avenue, Somerville MA 02144","Boston Avenue",61,42.396525,-71.110267,1,range_interpolation,"61 Boston Ave",,"Somerville, MA 02144",,61,"Boston Ave",,,Somerville,MA,,"Middlesex County",02144,US,,"TIGER/Line® from the US Census Bureau",gcod_usnnlkrc6t9faen3bpv2uf57u97m9,
"76 Boston Avenue, Somerville MA 02144","Boston Avenue",76,42.396821,-71.109701,1,range_interpolation,"76 Boston Ave",,"Somerville, MA 02144",,76,"Boston Ave",,,Somerville,MA,,"Middlesex County",02144,US,,"TIGER/Line® from the US Census Bureau",gcod_usnnlkrc6t9faen39s6pj25hfs4s7,
"91 Boston Avenue, Somerville MA 02144","Boston Avenue",91,42.397486,-71.109644,1,rooftop,"91 Boston Ave",,"Somerville, MA 02144",,91,"Boston Ave",,,Somerville,MA,,"Middlesex County",02144,US,,"Office of Geographic Information (MassGIS), Commonwealth of Massachusetts, MassIT",gcod_usnnlkrc6t9faen3572j4uew7ebwd,building_centroid
"106 Boston Avenue, Somerville MA 02144","Boston Avenue",106,42.397786,-71.110337,1,rooftop,"106 Boston Ave",,"Somerville, MA 02144",,106,"Boston Ave",,,Somerville,MA,,"Middlesex County",02144,US,,"Office of Geographic Information (MassGIS), Commonwealth of Massachusetts, MassIT",gcod_usnnlkrc6t9faen3kx4krqshjl86c,building_centroid
"121 Boston Avenue, Somerville MA 02144","Boston Avenue",121,42.398465,-71.110313,1,rooftop,"121 Boston Ave",,"Somerville, MA 02144",,121,"Boston Ave",,,Somerville,MA,,"Middlesex County",02144,US,,"Office of Geographic Information (MassGIS), Commonwealth of Massachusetts, MassIT",gcod_usnnlkrc6t9faen3du7csk7sfvz7b,building_centroid
"136 Boston Avenue, Somerville MA 02144","Boston Avenue",136,42.398904,-71.110708,1,range_interpolation,"136 Boston Ave",,"Somerville, MA 02144",,136,"Boston Ave",,,Somerville,MA,,"Middlesex County",02144,US,,"TIGER/Line® from the US Census Bureau",gcod_usnnlkrc6t9faen3fxs3wltemrfh6,
"151 Boston Avenue, Somerville MA 02144","Boston Avenue",151,42.399248,-71.110928,1,rooftop,"151 Boston Ave",,"Somerville, MA 02144",,151,"Boston Ave",,,Somerville,MA,,"Middlesex County",02144,US,,"Office of Geographic Information (MassGIS), Commonwealth of Massachusetts, MassIT",gcod_usnnlkrc6t9faen3jvy88wxt6r7gb,building_centroid
"158 Boston Avenue, Somerville MA 02144","Boston Avenue",158,42.399248,-71.111415,1,rooftop,"158 Boston Ave",,"Somerville, MA 02144",,158,"Boston Ave",,,Somerville,MA,,"Middlesex County",02144,US,,"Office of Geographic Information (MassGIS), Commonwealth of Massachusetts, MassIT",gcod_usnnlkrc6t9faen3sah9wqz9hknv9,building_centroid
"87 Bristol Road, Somerville MA 02145","Bristol Road",87,42.400742,-71.113458,0.95,rooftop,"87 Bristol Rd",,"Medford, MA 02155",,87,"Bristol Rd",,,Medford,MA,,"Middlesex County",02155,US,,"Office of Geographic Information (MassGIS), Commonwealth of Massachusetts, MassIT",gcod_usn8ugrwjjqeyl5f6pefr4rnhlpm7,building_centroid
"102 Bristol Road, Somerville MA 02145","Bristol Road",102,42.400092,-71.112711,1,range_interpolation,"102 Bristol Rd",,"Somerville, MA 02144",,102,"Bristol Rd",,,Somerville,MA,,"Middlesex County",02144,US,,"TIGER/Line® from the US Census Bureau",gcod_usnunxdul9grp6ncrx958afwc56gg,
"108 Bristol Road, Somerville MA 02145","Bristol Road",108,42.400239,-71.112549,1,rooftop,"108 Bristol Rd",,"Somerville, MA 02144",,108,"Bristol Rd",,,Somerville,MA,,"Middlesex County",02144,US,,"Office of Geographic Information (MassGIS), Commonwealth of Massachusetts, MassIT",gcod_usnunxdul9grp6ncgq2yy3y97st2g,building_centroid
"585 Broadway, Somerville MA 02144",Broadway,585,42.398499,-71.108497,1,range_interpolation,"585 Broadway",,"Somerville, MA 02145",,585,Broadway,,,Somerville,MA,,"Middlesex County",02145,US,,"TIGER/Line® from the US Census Bureau",gcod_usn7nf8e4zglqcw7zgrjf4eybarxe,
"600 Broadway, Somerville MA 02144",Broadway,600,42.398513,-71.108838,1,rooftop,"600 Broadway",,"Somerville, MA 02145",,600,Broadway,,,Somerville,MA,,"Middlesex County",02145,US,,"Office of Geographic Information (MassGIS), Commonwealth of Massachusetts, MassIT",gcod_usn7nf8e4zglqcw7rhe9hytl6al59,building_centroid
"615 Broadway, Somerville MA 02144",Broadway,615,42.398623,-71.108866,1,range_interpolation,"615 Broadway",,"Somerville, MA 02145",,615,Broadway,,,Somerville,MA,,"Middlesex County",02145,US,,"TIGER/Line® from the US Census Bureau",gcod_usn7nf8e4zglqcw77sshcr88txkuf,
"630 Broadway, Somerville MA 02144",Broadway,630,42.399018,-71.109103,1,range_interpolation,"630 Broadway",,"Somerville, MA 02145",,630,Broadway,,,Somerville,MA,,"Middlesex County",02145,US,,"TIGER/Line® from the US Census Bureau",gcod_usn7nf8e4zglqcw7jp8y5l39mf6y2,
"645 Broadway, Somerville MA 02144",Broadway,645,42.398746,-71.109235,1,range_interpolation,"645 Broadway",,"Somerville, MA 02145",,645,Broadway,,,Somerville,MA,,"Middlesex County",02145,US,,"TIGER/Line® from the US Census Bureau",gcod_usn7nf8e4zglqcw7wxtum2dwmz3b9,
"660 Broadway, Somerville MA 02144",Broadway,660,42.399248,-71.110928,1,rooftop,"660 Broadway",,"Somerville, MA 02144",,660,Broadway,,,Somerville,MA,,"Middlesex County",02144,US,,"Office of Geographic Information (MassGIS), Commonwealth of Massachusetts, MassIT",gcod_usnjew5xwd3bx596jjlmxgpjfh7q2,building_centroid
"675 Broadway, Somerville MA 02144",Broadway,675,42.399752,-71.111168,1,rooftop,"675 Broadway",,"Somerville, MA 02144",,675,Broadway,,,Somerville,MA,,"Middlesex County",02144,US,,"Office of Geographic Information (MassGIS), Commonwealth of Massachusetts, MassIT",gcod_usnjew5xwd3bx596pkgfcpzd5y3w2,building_centroid
"690 Broadway, Somerville MA 02144",Broadway,690,42.399585,-71.111852,1,rooftop,"690 Broadway",,"Somerville, MA 02144",,690,Broadway,,,Somerville,MA,,"Middlesex County",02144,US,,"Office of Geographic Information (MassGIS), Commonwealth of Massachusetts, MassIT",gcod_usnjew5xwd3bx5964mvmqj3xsuyhb,building_centroid
"705 Broadway, Somerville MA 02144",Broadway,705,42.40012,-71.112264,1,rooftop,"705 Broadway",,"Somerville, MA 02144",,705,Broadway,,,Somerville,MA,,"Middlesex County",02144,US,,"Office of Geographic Information (MassGIS), Commonwealth of Massachusetts, MassIT",gcod_usnjew5xwd3bx5969w5x3tpbcb9hf,building_centroid
"720 Broadway, Somerville MA 02144",Broadway,720,42.399963,-71.113007,1,rooftop,"720 Broadway",,"Somerville, MA 02144",,720,Broadway,,,Somerville,MA,,"Middlesex County",02144,US,,"Office of Geographic Information (MassGIS), Commonwealth of Massachusetts, MassIT",gcod_usnjew5xwd3bx596t5w9qgpz2lkaa,building_centroid
"726 Broadway, Somerville MA 02144",Broadway,726,42.400063,-71.113289,1,rooftop,"726 Broadway",,"Somerville, MA 02144",,726,Broadway,,,Somerville,MA,,"Middlesex County",02144,US,,"Office of Geographic Information (MassGIS), Commonwealth of Massachusetts, MassIT",gcod_usnjew5xwd3bx596qf67ad8cf3tua,building_centroid
"107 Cedar Street, Somerville MA 02144","Cedar Street",107,42.392443,-71.11204,1,rooftop,"107 Cedar St",,"Somerville, MA 02144",,107,"Cedar St",,,Somerville,MA,,"Middlesex County",02144,US,,"Office of Geographic Information (MassGIS), Commonwealth of Massachusetts, MassIT",gcod_usnwqmw3dzstn7afld5agkmcv7ata,building_centroid
"122 Cedar Street, Somerville MA 02144","Cedar Street",122,42.392786,-71.111802,1,range_interpolation,"122 Cedar St",,"Somerville, MA 02144",,122,"Cedar St",,,Somerville,MA,,"Middlesex County",02144,US,,"TIGER/Line® from the US Census Bureau",gcod_usnwqmw3dzstn7af5bufr4lpkgga4,
"137 Cedar Street, Somerville MA 02144","Cedar Street",137,42.393463,-71.111669,1,range_interpolation,"137 Cedar St",,"Somerville, MA 02144",,137,"Cedar St",,,Somerville,MA,,"Middlesex County",02144,US,,"TIGER/Line® from the US Census Bureau",gcod_usnwqmw3dzstn7afrf7pfa6djs3ne,
"152 Cedar Street, Somerville MA 02144","Cedar Street",152,42.393619,-71.111168,1,range_interpolation,"152 Cedar St",,"Somerville, MA 02144",,152,"Cedar St",,,Somerville,MA,,"Middlesex County",02144,US,,"TIGER/Line® from the US Census Bureau",gcod_usnwqmw3dzstn7aflye769xfjn5ng,
"167 Cedar Street, Somerville MA 02144","Cedar Street",167,42.394684,-71.110786,1,range_interpolation,"167 Cedar St",,"Somerville, MA 02145",,167,"Cedar St",,,Somerville,MA,,"Middlesex County",02145,US,,"TIGER/Line® from the US Census Bureau",gcod_usnm39km53eyflucdrkvnyl6xef2a,
"182 Cedar Street, Somerville MA 02144","Cedar Street",182,42.394789,-71.110773,1,rooftop,"182 Cedar St",,"Somerville, MA 02145",,182,"Cedar St",,,Somerville,MA,,"Middlesex County",02145,US,,"Office of Geographic Information (MassGIS), Commonwealth of Massachusetts, MassIT",gcod_usnwqmw3dzstn7afaa7mhfuqljzud,building_centroid
"197 Cedar Street, Somerville MA 02144","Cedar Street",197,42.395054,-71.110167,1,rooftop,"197 Cedar St",,"Somerville, MA 02145",,197,"Cedar St",,,Somerville,MA,,"Middlesex County",02145,US,,"Office of Geographic Information (MassGIS), Commonwealth of Massachusetts, MassIT",gcod_usnm39km53eyflucyg5s94mapnr33,building_centroid
"212 Cedar Street, Somerville MA 02144","Cedar Street",212,42.395559,-71.110235,1,rooftop,"212 Cedar St",,"Somerville, MA 02145",,212,"Cedar St",,,Somerville,MA,,"Middlesex County",02145,US,,"Office of Geographic Information (MassGIS), Commonwealth of Massachusetts, MassIT",gcod_usnwqmw3dzstn7af982k3kq2zg8ga,building_centroid
"227 Cedar Street, Somerville MA 02144","Cedar Street",227,42.395941,-71.109922,1,range_interpolation,"227 Cedar St",,"Somerville, MA 02145",,227,"Cedar St",,,Somerville,MA,,"Middlesex County",02145,US,,"TIGER/Line® from the US Census Bureau",gcod_usnm39km53eyflucvuxax5afjfuwd,
"242 Cedar Street, Somerville MA 02144","Cedar Street",242,42.396269,-71.109752,1,rooftop,"242 Cedar St",,"Somerville, MA 02145",,242,"Cedar St",,,Somerville,MA,,"Middlesex County",02145,US,,"Office of Geographic Information (MassGIS), Commonwealth of Massachusetts, MassIT",gcod_usnwqmw3dzstn7afjyabesd9qvsta,building_centroid
"257 Cedar Street, Somerville MA 02144","Cedar Street",257,42.396772,-71.109336,1,range_interpolation,"257 Cedar St",,"Somerville, MA 02145",,257,"Cedar St",,,Somerville,MA,,"Middlesex County",02145,US,,"TIGER/Line® from the US Census Bureau",gcod_usnm39km53eyfluclhn8xs8q8mc85,
"272 Cedar Street, Somerville MA 02144","Cedar Street",272,42.397477,-71.10886,1,rooftop,"272 Cedar St",,"Somerville, MA 02145",,272,"Cedar St",,,Somerville,MA,,"Middlesex County",02145,US,,"Office of Geographic Information (MassGIS), Commonwealth of Massachusetts, MassIT",gcod_usnm39km53eyflucejnat5zgqg2qe,building_centroid
"287 Cedar Street, Somerville MA 02144","Cedar Street",287,42.397973,-71.108511,1,range_interpolation,"287 Cedar St",,"Somerville, MA 02145",,287,"Cedar St",,,Somerville,MA,,"Middlesex County",02145,US,,"TIGER/Line® from the US Census Bureau",gcod_usnm39km53eyfluc7y5582a5y4yda,
"298 Cedar Street, Somerville MA 02144","Cedar Street",298,42.397096,-71.108745,1,range_interpolation,"298 Cedar St",,"Somerville, MA 02145",,298,"Cedar St",,,Somerville,MA,,"Middlesex County",02145,US,,"TIGER/Line® from the US Census Bureau",gcod_usnm39km53eyflucvzrgr23upgmab,
"1 Clifton Street, Somerville MA 02145","Clifton Street",1,42.396975,-71.117426,1,rooftop,"1 Clifton St",,"Somerville, MA 02144",,1,"Clifton St",,,Somerville,MA,,"Middlesex County",02144,US,,"Office of Geographic Information (MassGIS), Commonwealth of Massachusetts, MassIT",gcod_usnlqh9b4cwzts72umht8g82v7w8f,building_centroid
"14 Clifton Street, Somerville MA 02145","Clifton Street",14,42.396448,-71.117345,1,rooftop,"14 Clifton St",,"Somerville, MA 02144",,14,"Clifton St",,,Somerville,MA,,"Middlesex County",02144,US,,"Office of Geographic Information (MassGIS), Commonwealth of Massachusetts, MassIT",gcod_usnlqh9b4cwzts724beysawnqn6m2,building_centroid
"2 Clyde Street, Somerville MA 02145","Clyde Street",2,42.395269,-71.110016,1,rooftop,"2 Clyde St",,"Somerville, MA 02145",,2,"Clyde St",,,Somerville,MA,,"Middlesex County",02145,US,,"Office of Geographic Information (MassGIS), Commonwealth of Massachusetts, MassIT",gcod_usnznny9wscdjm24nxjklq249d97g,building_centroid
"17 Clyde Street, Somerville MA 02145","Clyde Street",17,42.39468,-71.109506,1,rooftop,"17 Clyde St",,"Somerville, MA 02145",,17,"Clyde St",,,Somerville,MA,,"Middlesex County",02145,US,,"Office of Geographic Information (MassGIS), Commonwealth of Massachusetts, MassIT",gcod_usnznny9wscdjm24x2edby5gavqxc,building_centroid
"32 Clyde Street, Somerville MA 02145","Clyde Street",32,42.394864,-71.108801,1,rooftop,"32 Clyde St",,"Somerville, MA 02145",,32,"Clyde St",,,Somerville,MA,,"Middlesex County",02145,US,,"Office of Geographic Information (MassGIS), Commonwealth of Massachusetts, MassIT",gcod_usnznny9wscdjm24fydp84bjkcv44,building_centroid
"47 Clyde Street, Somerville MA 02145","Clyde Street",47,42.394579,-71.108344,1,range_interpolation,"47 Clyde St",,"Somerville, MA 02145",,47,"Clyde St",,,Somerville,MA,,"Middlesex County",02145,US,,"TIGER/Line® from the US Census Bureau",gcod_usnznny9wscdjm246hengyul2hl5d,
"56 Clyde Street, Somerville MA 02145","Clyde Street",56,42.394236,-71.107666,1,rooftop,"56 Clyde St",,"Somerville, MA 02145",,56,"Clyde St",,,Somerville,MA,,"Middlesex County",02145,US,,"Office of Geographic Information (MassGIS), Commonwealth of Massachusetts, MassIT",gcod_usn94fwn75qcywva7pgfwgf2hpfe5,building_centroid
"1 College Avenue, Somerville MA 02144","College Avenue",1,42.396444,-71.121794,1,rooftop,"1 College Ave",,"Somerville, MA 02144",,1,"College Ave",,,Somerville,MA,,"Middlesex County",02144,US,,"Office of Geographic Information (MassGIS), Commonwealth of Massachusetts, MassIT",gcod_usny7hrvbreamp2aszej3pvbx5222,building_centroid
"16 College Avenue, Somerville MA 02144","College Avenue",16,42.396865,-71.121886,1,range_interpolation,"16 College Ave",,"Somerville, MA 02144",,16,"College Ave",,,Somerville,MA,,"Middlesex County",02144,US,,"TIGER/Line® from the US Census Bureau",gcod_usny7hrvbreamp2ay7bdb9a9mh7mh,
"31 College Avenue, Somerville MA 02144","College Avenue",31,42.397585,-71.121263,1,rooftop,"31 College Ave",,"Somerville, MA 02144",,31,"College Ave",,,Somerville,MA,,"Middlesex County",02144,US,,"Office of Geographic Information (MassGIS), Commonwealth of Massachusetts, MassIT",gcod_usny7hrvbreamp2a4gvhtjn3q7rr4,building_centroid
"46 College Avenue, Somerville MA 02144","College Avenue",46,42.398074,-71.121171,1,range_interpolation,"46 College Ave",,"Somerville, MA 02144",,46,"College Ave",,,Somerville,MA,,"Middlesex County",02144,US,,"TIGER/Line® from the US Census Bureau",gcod_usny7hrvbreamp2azbt37wqcz4n8h,
"61 College Avenue, Somerville MA 02144","College Avenue",61,42.398557,-71.12111,1,range_interpolation,"61 College Ave",,"Somerville, MA 02144",,61,"College Ave",,,Somerville,MA,,"Middlesex County",02144,US,,"TIGER/Line® from the US Census Bureau",gcod_usny7hrvbreamp2aaq4kylnv4c486,
"76 College Avenue, Somerville MA 02144","College Avenue",76,42.399068,-71.120583,1,rooftop,"76 College Ave",,"Somerville, MA 02144",,76,"College Ave",,,Somerville,MA,,"Middlesex County",02144,US,,"Office of Geographic Information (MassGIS), Commonwealth of Massachusetts, MassIT",gcod_usny7hrvbreamp2aqg4ktt7cq6wa9,building_centroid
"91 College Avenue, Somerville MA 02144","College Avenue",91,42.399395,-71.119342,1,range_interpolation,"91 College Ave",,"Somerville, MA 02144",,91,"College Ave",,,Somerville,MA,,"Middlesex County",02144,US,,"TIGER/Line® from the US Census Bureau",gcod_usny7hrvbreamp2acvvtq9brxedzh,
"106 College Avenue, Somerville MA 02144","College Avenue",106,42.399753,-71.118881,1,rooftop,"106 College Ave",,"Somerville, MA 02144",,106,"College Ave",,,Somerville,MA,,"Middlesex County",02144,US,,"Office of Geographic Information (MassGIS), Commonwealth of Massachusetts, MassIT",gcod_usny7hrvbreamp2amhvybp265bl5e,building_centroid
"121 College Avenue, Somerville MA 02144","College Avenue",121,42.40046,-71.117659,1,range_interpolation,"121 College Ave",,"Somerville, MA 02144",,121,"College Ave",,,Somerville,MA,,"Middlesex County",02144,US,,"TIGER/Line® from the US Census Bureau",gcod_usny7hrvbreamp2azws7f2zb8m3ce,
"136 College Avenue, Somerville MA 02144","College Avenue",136,42.400671,-71.117412,1,rooftop,"136 College Ave",,"Somerville, MA 02144",,136,"College Ave",,,Somerville,MA,,"Middlesex County",02144,US,,"Office of Geographic Information (MassGIS), Commonwealth of Massachusetts, MassIT",gcod_usny7hrvbreamp2alwnq6trrm4859,building_centroid
"143 College Avenue, Somerville MA 02144","College Avenue",143,42.401549,-71.116517,1,rooftop,"143 College Ave",,"Somerville, MA 02144",,143,"College Ave",,,Somerville,MA,,"Middlesex County",02144,US,,"Office of Geographic Information (MassGIS), Commonwealth of Massachusetts, MassIT",gcod_usny7hrvbreamp2anyndwvfggwq9a,building_centroid
"1 Elm Court, Somerville MA 02144","Elm Court",1,42.396831,-71.121122,1,rooftop,"1 Elm Ct",,"Somerville, MA 02144",,1,"Elm Ct",,,Somerville,MA,,"Middlesex County",02144,US,,"Office of Geographic Information (MassGIS), Commonwealth of Massachusetts, MassIT",gcod_usn5du9wa2sdlavdd3wf8wxq2bkba,building_centroid
"6 Elm Court, Somerville MA 02144","Elm Court",6,42.396736,-71.121372,1,rooftop,"6 Elm Ct",,"Somerville, MA 02144",,6,"Elm Ct",,,Somerville,MA,,"Middlesex County",02144,US,,"Office of Geographic Information (MassGIS), Commonwealth of Massachusetts, MassIT",gcod_usn5du9wa2sdlavd2q2bjrkutwkv2,building_centroid
"16 Ellington Road, Somerville MA 02144","Ellington Road",16,42.395451,-71.119509,1,range_interpolation,"16 Ellington Rd",,"Somerville, MA 02144",,16,"Ellington Rd",,,Somerville,MA,,"Middlesex County",02144,US,,"TIGER/Line® from the US Census Bureau",gcod_usnh88b7xp7mzrddaspejshe9h8ef,
"31 Ellington Road, Somerville MA 02144","Ellington Road",31,42.395902,-71.119525,1,rooftop,"31 Ellington Rd",,"Somerville, MA 02144",,31,"Ellington Rd",,,Somerville,MA,,"Middlesex County",02144,US,,"Office of Geographic Information (MassGIS), Commonwealth of Massachusetts, MassIT",gcod_usnh88b7xp7mzrddqxlxcm73d5fh6,building_centroid
"32 Ellington Road, Somerville MA 02144","Ellington Road",32,42.395698,-71.119666,1,rooftop,"32 Ellington Rd",,"Somerville, MA 02144",,32,"Ellington Rd",,,Somerville,MA,,"Middlesex County",02144,US,,"Office of Geographic Information (MassGIS), Commonwealth of Massachusetts, MassIT",gcod_usnh88b7xp7mzrddc6h36ne6xzklg,building_centroid
"4 Foskett Street, Somerville MA 02145","Foskett Street",4,42.396772,-71.115255,1,rooftop,"4 Foskett St",,"Somerville, MA 02144",,4,"Foskett St",,,Somerville,MA,,"Middlesex County",02144,US,,"Office of Geographic Information (MassGIS), Commonwealth of Massachusetts, MassIT",gcod_usnx9g6fj5km9wh9ej7tx2nszy872,building_centroid
"19 Foskett Street, Somerville MA 02145","Foskett Street",19,42.397043,-71.115825,1,range_interpolation,"19 Foskett St",,"Somerville, MA 02144",,19,"Foskett St",,,Somerville,MA,,"Middlesex County",02144,US,,"TIGER/Line® from the US Census Bureau",gcod_usnx9g6fj5km9wh9pespdktx5avt2,
"34 Foskett Street, Somerville MA 02145","Foskett Street",34,42.397639,-71.116558,1,range_interpolation,"34 Foskett St",,"Somerville, MA 02144",,34,"Foskett St",,,Somerville,MA,,"Middlesex County",02144,US,,"TIGER/Line® from the US Census Bureau",gcod_usnx9g6fj5km9wh9lsulb98744ewg,
"49 Foskett Street, Somerville MA 02145","Foskett Street",49,42.397363,-71.116677,1,range_interpolation,"49 Foskett St",,"Somerville, MA 02144",,49,"Foskett St",,,Somerville,MA,,"Middlesex County",02144,US,,"TIGER/Line® from the US Census Bureau",gcod_usnx9g6fj5km9wh92yjub8ppwc998,
"52 Foskett Street, Somerville MA 02145","Foskett Street",52,42.397565,-71.117159,1,rooftop,"52 Foskett St",,"Somerville, MA 02144",,52,"Foskett St",,,Somerville,MA,,"Middlesex County",02144,US,,"Office of Geographic Information (MassGIS), Commonwealth of Massachusetts, MassIT",gcod_usnx9g6fj5km9wh99wkstncwr7n34,building_centroid
"7 Francesca Avenue, Somerville MA 02144","Francesca Avenue",7,42.398765,-71.119508,1,rooftop,"7 Francesca Ave",,"Somerville, MA 02144",,7,"Francesca Ave",,,Somerville,MA,,"Middlesex County",02144,US,,"Office of Geographic Information (MassGIS), Commonwealth of Massachusetts, MassIT",gcod_usngsge969jrzga99xd7w2pg7vvyb,building_centroid
"22 Francesca Avenue, Somerville MA 02144","Francesca Avenue",22,42.398784,-71.11867,1,rooftop,"22 Francesca Ave",,"Somerville, MA 02144",,22,"Francesca Ave",,,Somerville,MA,,"Middlesex County",02144,US,,"Office of Geographic Information (MassGIS), Commonwealth of Massachusetts, MassIT",gcod_usngsge969jrzga9ne5dvvdb8kvmc,building_centroid
"37 Francesca Avenue, Somerville MA 02144","Francesca Avenue",37,42.398216,-71.118208,1,rooftop,"37 Francesca Ave",,"Somerville, MA 02144",,37,"Francesca Ave",,,Somerville,MA,,"Middlesex County",02144,US,,"Office of Geographic Information (MassGIS), Commonwealth of Massachusetts, MassIT",gcod_usngsge969jrzga9xexksmeayrdt6,building_centroid
"52 Francesca Avenue, Somerville MA 02144","Francesca Avenue",52,42.398361,-71.118424,1,range_interpolation,"52 Francesca Ave",,"Somerville, MA 02144",,52,"Francesca Ave",,,Somerville,MA,,"Middlesex County",02144,US,,"TIGER/Line® from the US Census Bureau",gcod_usngsge969jrzga9l2692r7wj38vd,
"58 Francesca Avenue, Somerville MA 02144","Francesca Avenue",58,42.398194,-71.117201,1,rooftop,"58 Francesca Ave",,"Somerville, MA 02144",,58,"Francesca Ave",,,Somerville,MA,,"Middlesex County",02144,US,,"Office of Geographic Information (MassGIS), Commonwealth of Massachusetts, MassIT",gcod_usngsge969jrzga9e48vdvh95v6z5,building_centroid
"45 Grove Street, Somerville MA 02144","Grove Street",45,42.396341,-71.11992,1,rooftop,"45 Grove St",,"Somerville, MA 02144",,45,"Grove St",,,Somerville,MA,,"Middlesex County",02144,US,,"Office of Geographic Information (MassGIS), Commonwealth of Massachusetts, MassIT",gcod_usnew7jlk4twtkf8k3qcmsdehpfgg,building_centroid
"60 Grove Street, Somerville MA 02144","Grove Street",60,42.39679,-71.119642,0.91,nearest_rooftop_match,"61 Grove St",,"Somerville, MA 02144",,61,"Grove St",,,Somerville,MA,,"Middlesex County",02144,US,,"Office of Geographic Information (MassGIS), Commonwealth of Massachusetts, MassIT",gcod_usnew7jlk4twtkf8b4puyegpbwhj3,building_centroid
"65 Grove Street, Somerville MA 02144","Grove Street",65,42.396904,-71.119568,1,rooftop,"65 Grove St",,"Somerville, MA 02144",,65,"Grove St",,,Somerville,MA,,"Middlesex County",02144,US,,"Office of Geographic Information (MassGIS), Commonwealth of Massachusetts, MassIT",gcod_usnew7jlk4twtkf8lh3ns5sdzqgc2,building_centroid
"5 Hall Avenue, Somerville MA 02144","Hall Avenue",5,42.398357,-71.12056,1,rooftop,"5 Hall Ave",,"Somerville, MA 02144",,5,"Hall Ave",,,Somerville,MA,,"Middlesex County",02144,US,,"Office of Geographic Information (MassGIS), Commonwealth of Massachusetts, MassIT",gcod_usn3v3lu7qjqtn8hnz783bb6zmsxa,building_centroid
"20 Hall Avenue, Somerville MA 02144","Hall Avenue",20,42.398458,-71.11969,1,rooftop,"20 Hall Ave",,"Somerville, MA 02144",,20,"Hall Ave",,,Somerville,MA,,"Middlesex County",02144,US,,"Office of Geographic Information (MassGIS), Commonwealth of Massachusetts, MassIT",gcod_usn3v3lu7qjqtn8hd5gydasvpn47b,building_centroid
"35 Hall Avenue, Somerville MA 02144","Hall Avenue",35,42.397892,-71.119277,1,rooftop,"35 Hall Ave",,"Somerville, MA 02144",,35,"Hall Ave",,,Somerville,MA,,"Middlesex County",02144,US,,"Office of Geographic Information (MassGIS), Commonwealth of Massachusetts, MassIT",gcod_usn3v3lu7qjqtn8hvv83yl22v2ccg,building_centroid
"50 Hall Avenue, Somerville MA 02144","Hall Avenue",50,42.398019,-71.118523,1,rooftop,"50 Hall Ave",,"Somerville, MA 02144",,50,"Hall Ave",,,Somerville,MA,,"Middlesex County",02144,US,,"Office of Geographic Information (MassGIS), Commonwealth of Massachusetts, MassIT",gcod_usn3v3lu7qjqtn8hpphgcaldpyzs9,building_centroid
"65 Hall Avenue, Somerville MA 02144","Hall Avenue",65,42.397451,-71.118039,1,rooftop,"65 Hall Ave",,"Somerville, MA 02144",,65,"Hall Ave",,,Somerville,MA,,"Middlesex County",02144,US,,"Office of Geographic Information (MassGIS), Commonwealth of Massachusetts, MassIT",gcod_usn3v3lu7qjqtn8h3zpk7jsc92zmc,building_centroid
"73 Hall Avenue, Somerville MA 02144","Hall Avenue",73,42.397366,-71.117755,1,rooftop,"73 Hall Ave",,"Somerville, MA 02144",,73,"Hall Ave",,,Somerville,MA,,"Middlesex County",02144,US,,"Office of Geographic Information (MassGIS), Commonwealth of Massachusetts, MassIT",gcod_usn3v3lu7qjqtn8h5wfkpjrprxck6,building_centroid
"219 Highland Avenue, Somerville MA 02144","Highland Avenue",219,42.390438,-71.107967,1,rooftop,"219 Highland Ave",,"Somerville, MA 02143",,219,"Highland Ave",,,Somerville,MA,,"Middlesex County",02143,US,,"Office of Geographic Information (MassGIS), Commonwealth of Massachusetts, MassIT",gcod_usnv73yttdzbk39dlpdxgtwybrtw2,building_centroid
"234 Highland Avenue, Somerville MA 02144","Highland Avenue",234,42.390797,-71.108909,1,range_interpolation,"234 Highland Ave",,"Somerville, MA 02143",,234,"Highland Ave",,,Somerville,MA,,"Middlesex County",02143,US,,"TIGER/Line® from the US Census Bureau",gcod_usnws32ygrv3c6l8g3zem3a4v4fca,
"249 Highland Avenue, Somerville MA 02144","Highland Avenue",249,42.391291,-71.10992,1,rooftop,"249 Highland Ave",,"Somerville, MA 02143",,249,"Highland Ave",,,Somerville,MA,,"Middlesex County",02143,US,,"Office of Geographic Information (MassGIS), Commonwealth of Massachusetts, MassIT",gcod_usnv73yttdzbk39de4atr2cq58fc7,building_centroid
"264 Highland Avenue, Somerville MA 02144","Highland Avenue",264,42.391311,-71.110869,1,rooftop,"264 Highland Ave",,"Somerville, MA 02143",,264,"Highland Ave",,,Somerville,MA,,"Middlesex County",02143,US,,"Office of Geographic Information (MassGIS), Commonwealth of Massachusetts, MassIT",gcod_usnws32ygrv3c6l83mmttqjpgxkhc,building_centroid
"279 Highland Avenue, Somerville MA 02144","Highland Avenue",279,42.391838,-71.111928,1,range_interpolation,"279 Highland Ave",,"Somerville, MA 02143",,279,"Highland Ave",,,Somerville,MA,,"Middlesex County",02143,US,,"TIGER/Line® from the US Census Bureau",gcod_usnws32ygrv3c6l8femv2kdar4jv4,
"294 Highland Avenue, Somerville MA 02144","Highland Avenue",294,42.392267,-71.113064,1,rooftop,"294 Highland Ave",,"Somerville, MA 02144",,294,"Highland Ave",,,Somerville,MA,,"Middlesex County",02144,US,,"Office of Geographic Information (MassGIS), Commonwealth of Massachusetts, MassIT",gcod_usnv73yttdzbk39dma5br6vujvvl7,building_centroid
"309 Highland Avenue, Somerville MA 02144","Highland Avenue",309,42.393123,-71.113669,1,rooftop,"309 Highland Ave",,"Somerville, MA 02144",,309,"Highland Ave",,,Somerville,MA,,"Middlesex County",02144,US,,"Office of Geographic Information (MassGIS), Commonwealth of Massachusetts, MassIT",gcod_usnv73yttdzbk39dwshfw73kqxgc5,building_centroid
"324 Highland Avenue, Somerville MA 02144","Highland Avenue",324,42.393177,-71.115151,1,rooftop,"324 Highland Ave",,"Somerville, MA 02144",,324,"Highland Ave",,,Somerville,MA,,"Middlesex County",02144,US,,"Office of Geographic Information (MassGIS), Commonwealth of Massachusetts, MassIT",gcod_usnv73yttdzbk39djldxly8j39nfb,building_centroid
"339 Highland Avenue, Somerville MA 02144","Highland Avenue",339,42.394086,-71.116244,1,rooftop,"339 Highland Ave",,"Somerville, MA 02144",,339,"Highland Ave",,,Somerville,MA,,"Middlesex County",02144,US,,"Office of Geographic Information (MassGIS), Commonwealth of Massachusetts, MassIT",gcod_usnv73yttdzbk39dx9y3twdnw5ev3,building_centroid
"354 Highland Avenue, Somerville MA 02144","Highland Avenue",354,42.394174,-71.117385,1,rooftop,"354 Highland Ave",,"Somerville, MA 02144",,354,"Highland Ave",,,Somerville,MA,,"Middlesex County",02144,US,,"Office of Geographic Information (MassGIS), Commonwealth of Massachusetts, MassIT",gcod_usnv73yttdzbk39dg7456vag79nwc,building_centroid
"369 Highland Avenue, Somerville MA 02144","Highland Avenue",369,42.394711,-71.118559,1,range_interpolation,"369 Highland Ave",,"Somerville, MA 02144",,369,"Highland Ave",,,Somerville,MA,,"Middlesex County",02144,US,,"TIGER/Line® from the US Census Bureau",gcod_usnv73yttdzbk39du2x25sm59p4ug,
"384 Highland Avenue, Somerville MA 02144","Highland Avenue",384,42.395141,-71.119707,1,rooftop,"384 Highland Ave",,"Somerville, MA 02144",,384,"Highland Ave",,,Somerville,MA,,"Middlesex County",02144,US,,"Office of Geographic Information (MassGIS), Commonwealth of Massachusetts, MassIT",gcod_usnv73yttdzbk39dlwaqzcaqsgv37,building_centroid
"399 Highland Avenue, Somerville MA 02144","Highland Avenue",399,42.395941,-71.120539,1,rooftop,"399 Highland Ave",,"Somerville, MA 02144",,399,"Highland Ave",,,Somerville,MA,,"Middlesex County",02144,US,,"Office of Geographic Information (MassGIS), Commonwealth of Massachusetts, MassIT",gcod_usnv73yttdzbk39d27tuyfqw823mf,building_centroid
"407 Highland Avenue, Somerville MA 02144","Highland Avenue",407,42.396263,-71.121089,1,rooftop,"407 Highland Ave",,"Somerville, MA 02144",,407,"Highland Ave",,,Somerville,MA,,"Middlesex County",02144,US,,"Office of Geographic Information (MassGIS), Commonwealth of Massachusetts, MassIT",gcod_usnv73yttdzbk39d2evk6s3ar39db,building_centroid
"2 Highland Road, Somerville MA 02144","Highland Road",2,42.394982,-71.113835,1,rooftop,"2 Highland Rd",,"Somerville, MA 02144",,2,"Highland Rd",,,Somerville,MA,,"Middlesex County",02144,US,,"Office of Geographic Information (MassGIS), Commonwealth of Massachusetts, MassIT",gcod_usnth2zuc7g86csfuah3a4pu66zy4,building_centroid
"17 Highland Road, Somerville MA 02144","Highland Road",17,42.395364,-71.113496,1,range_interpolation,"17 Highland Rd",,"Somerville, MA 02144",,17,"Highland Rd",,,Somerville,MA,,"Middlesex County",02144,US,,"TIGER/Line® from the US Census Bureau",gcod_usnth2zuc7g86csf7gufttjpp7744,
"32 Highland Road, Somerville MA 02144","Highland Road",32,42.395591,-71.112981,1,range_interpolation,"32 Highland Rd",,"Somerville, MA 02144",,32,"Highland Rd",,,Somerville,MA,,"Middlesex County",02144,US,,"TIGER/Line® from the US Census Bureau",gcod_usnth2zuc7g86csfyje3djmsulqe7,
"47 Highland Road, Somerville MA 02144","Highland Road",47,42.396126,-71.112548,1,rooftop,"47 Highland Rd",,"Somerville, MA 02144",,47,"Highland Rd",,,Somerville,MA,,"Middlesex County",02144,US,,"Office of Geographic Information (MassGIS), Commonwealth of Massachusetts, MassIT",gcod_usnth2zuc7g86csf7l2hra46ge846,building_centroid
"62 Highland Road, Somerville MA 02144","Highland Road",62,42.396563,-71.112325,1,range_interpolation,"62 Highland Rd",,"Somerville, MA 02144",,62,"Highland Rd",,,Somerville,MA,,"Middlesex County",02144,US,,"TIGER/Line® from the US Census Bureau",gcod_usnth2zuc7g86csffrqn45hce4y69,
"77 Highland Road, Somerville MA 02144","Highland Road",77,42.397045,-71.11189,1,rooftop,"77 Highland Rd",,"Somerville, MA 02144",,77,"Highland Rd",,,Somerville,MA,,"Middlesex County",02144,US,,"Office of Geographic Information (MassGIS), Commonwealth of Massachusetts, MassIT",gcod_usnth2zuc7g86csf9z5qssjn7bdvg,building_centroid
"92 Highland Road, Somerville MA 02144","Highland Road",92,42.397154,-71.111926,1,range_interpolation,"92 Highland Rd",,"Somerville, MA 02144",,92,"Highland Rd",,,Somerville,MA,,"Middlesex County",02144,US,,"TIGER/Line® from the US Census Bureau",gcod_usnth2zuc7g86csfp5dex5m47ujx2,
"107 Highland Road, Somerville MA 02144","Highland Road",107,42.397813,-71.111378,1,rooftop,"107 Highland Rd",,"Somerville, MA 02144",,107,"Highland Rd",,,Somerville,MA,,"Middlesex County",02144,US,,"Office of Geographic Information (MassGIS), Commonwealth of Massachusetts, MassIT",gcod_usnth2zuc7g86csffeezk2puhafe9,building_centroid
"122 Highland Road, Somerville MA 02144","Highland Road",122,42.398387,-71.111582,1,rooftop,"122 Highland Rd",,"Somerville, MA 02144",,122,"Highland Rd",,,Somerville,MA,,"Middlesex County",02144,US,,"Office of Geographic Information (MassGIS), Commonwealth of Massachusetts, MassIT",gcod_usnth2zuc7g86csfkvqxpy68g3w76,building_centroid
"137 Highland Road, Somerville MA 02144","Highland Road",137,42.398049,-71.111684,1,range_interpolation,"137 Highland Rd",,"Somerville, MA 02144",,137,"Highland Rd",,,Somerville,MA,,"Middlesex County",02144,US,,"TIGER/Line® from the US Census Bureau",gcod_usnth2zuc7g86csfeya5up6wcgpm5,
"140 Highland Road, Somerville MA 02144","Highland Road",140,42.398894,-71.111242,1,rooftop,"140 Highland Rd",,"Somerville, MA 02144",,140,"Highland Rd",,,Somerville,MA,,"Middlesex County",02144,US,,"Office of Geographic Information (MassGIS), Commonwealth of Massachusetts, MassIT",gcod_usnth2zuc7g86csfaygd8db95sej2,building_centroid
"9 Josephine Avenue, Somerville MA 02144","Josephine Avenue",9,42.395747,-71.114571,1,rooftop,"9 Josephine Ave",,"Somerville, MA 02144",,9,"Josephine Ave",,,Somerville,MA,,"Middlesex County",02144,US,,"Office of Geographic Information (MassGIS), Commonwealth of Massachusetts, MassIT",gcod_usnacgkbpclzu4jalqyuycjphmj44,building_centroid
"24 Josephine Avenue, Somerville MA 02144","Josephine Avenue",24,42.396137,-71.114342,1,range_interpolation,"24 Josephine Ave",,"Somerville, MA 02144",,24,"Josephine Ave",,,Somerville,MA,,"Middlesex County",02144,US,,"TIGER/Line® from the US Census Bureau",gcod_usnacgkbpclzu4jagqt4kjwxekkvd,
"39 Josephine Avenue, Somerville MA 02144","Josephine Avenue",39,42.396653,-71.113986,1,rooftop,"39 Josephine Ave",,"Somerville, MA 02144",,39,"Josephine Ave",,,Somerville,MA,,"Middlesex County",02144,US,,"Office of Geographic Information (MassGIS), Commonwealth of Massachusetts, MassIT",gcod_usnacgkbpclzu4jafym2s8xghy3q7,building_centroid
"54 Josephine Avenue, Somerville MA 02144","Josephine Avenue",54,42.397087,-71.113703,1,range_interpolation,"54 Josephine Ave",,"Somerville, MA 02144",,54,"Josephine Ave",,,Somerville,MA,,"Middlesex County",02144,US,,"TIGER/Line® from the US Census Bureau",gcod_usnacgkbpclzu4ja9fzfvaqy6lu7g,
"69 Josephine Avenue, Somerville MA 02144","Josephine Avenue",69,42.397586,-71.113324,1,rooftop,"69 Josephine Ave",,"Somerville, MA 02144",,69,"Josephine Ave",,,Somerville,MA,,"Middlesex County",02144,US,,"Office of Geographic Information (MassGIS), Commonwealth of Massachusetts, MassIT",gcod_usnacgkbpclzu4jae58bt4qjxlf68,building_centroid
"84 Josephine Avenue, Somerville MA 02144","Josephine Avenue",84,42.398142,-71.11345,1,rooftop,"84 Josephine Ave",,"Somerville, MA 02144",,84,"Josephine Ave",,,Somerville,MA,,"Middlesex County",02144,US,,"Office of Geographic Information (MassGIS), Commonwealth of Massachusetts, MassIT",gcod_usnacgkbpclzu4jafwjys92e8l58a,building_centroid
"99 Josephine Avenue, Somerville MA 02144","Josephine Avenue",99,42.39852,-71.112717,1,rooftop,"99 Josephine Ave",,"Somerville, MA 02144",,99,"Josephine Ave",,,Somerville,MA,,"Middlesex County",02144,US,,"Office of Geographic Information (MassGIS), Commonwealth of Massachusetts, MassIT",gcod_usnacgkbpclzu4jaa8t4dg6w8yvsc,building_centroid
"114 Josephine Avenue, Somerville MA 02144","Josephine Avenue",114,42.399074,-71.112826,1,rooftop,"114 Josephine Ave",,"Somerville, MA 02144",,114,"Josephine Ave",,,Somerville,MA,,"Middlesex County",02144,US,,"Office of Geographic Information (MassGIS), Commonwealth of Massachusetts, MassIT",gcod_usnacgkbpclzu4jaj8su4q7cy4eqe,building_centroid
"129 Josephine Avenue, Somerville MA 02144","Josephine Avenue",129,42.398667,-71.113003,1,range_interpolation,"129 Josephine Ave",,"Somerville, MA 02144",,129,"Josephine Ave",,,Somerville,MA,,"Middlesex County",02144,US,,"TIGER/Line® from the US Census Bureau",gcod_usnacgkbpclzu4jaf2lzl23qxlbjd,
"134 Josephine Avenue, Somerville MA 02144","Josephine Avenue",134,42.399744,-71.112289,1,rooftop,"134 Josephine Ave",,"Somerville, MA 02144",,134,"Josephine Ave",,,Somerville,MA,,"Middlesex County",02144,US,,"Office of Geographic Information (MassGIS), Commonwealth of Massachusetts, MassIT",gcod_usnacgkbpclzu4jaqlmrqnfxm8b82,building_centroid
"93 Kidder Avenue, Somerville MA 02144","Kidder Avenue",93,42.397915,-71.114433,1,range_interpolation,"93 Kidder Ave",,"Somerville, MA 02144",,93,"Kidder Ave",,,Somerville,MA,,"Middlesex County",02144,US,,"TIGER/Line® from the US Census Bureau",gcod_usnxntjmbpuryex79zzmqtmhjsku9,
"108 Kidder Avenue, Somerville MA 02144","Kidder Avenue",108,42.397745,-71.114833,1,range_interpolation,"108 Kidder Ave",,"Somerville, MA 02144",,108,"Kidder Ave",,,Somerville,MA,,"Middlesex County",02144,US,,"TIGER/Line® from the US Census Bureau",gcod_usnxntjmbpuryex7zsfen6ghxeybg,
"123 Kidder Avenue, Somerville MA 02144","Kidder Avenue",123,42.397014,-71.112029,1,range_interpolation,"123 Kidder Ave",,"Somerville, MA 02144",,123,"Kidder Ave",,,Somerville,MA,,"Middlesex County",02144,US,,"TIGER/Line® from the US Census Bureau",gcod_usnxntjmbpuryex7g6g8rsde932z6,
"138 Kidder Avenue, Somerville MA 02144","Kidder Avenue",138,42.397636,-71.114543,1,range_interpolation,"138 Kidder Ave",,"Somerville, MA 02144",,138,"Kidder Ave",,,Somerville,MA,,"Middlesex County",02144,US,,"TIGER/Line® from the US Census Bureau",gcod_usnxntjmbpuryex742nfexwaex2p4,
"153 Kidder Avenue, Somerville MA 02144","Kidder Avenue",153,42.39693,-71.111805,1,range_interpolation,"153 Kidder Ave",,"Somerville, MA 02144",,153,"Kidder Ave",,,Somerville,MA,,"Middlesex County",02144,US,,"TIGER/Line® from the US Census Bureau",gcod_usnxntjmbpuryex7q8m57av7davh3,
"157 Kidder Avenue, Somerville MA 02144","Kidder Avenue",157,42.396161,-71.110582,1,rooftop,"157 Kidder Ave",,"Somerville, MA 02144",,157,"Kidder Ave",,,Somerville,MA,,"Middlesex County",02144,US,,"Office of Geographic Information (MassGIS), Commonwealth of Massachusetts, MassIT",gcod_usnxntjmbpuryex7jjjcybhh9pf5f,building_centroid
"6 Liberty Avenue, Somerville MA 02144","Liberty Avenue",6,42.400597,-71.115056,1,rooftop,"6 Liberty Ave",,"Somerville, MA 02144",,6,"Liberty Ave",,,Somerville,MA,,"Middlesex County",02144,US,,"Office of Geographic Information (MassGIS), Commonwealth of Massachusetts, MassIT",gcod_usn5v4vkhcwbs863fkhrf225k6ghb,building_centroid
"21 Liberty Avenue, Somerville MA 02144","Liberty Avenue",21,42.400167,-71.115398,1,range_interpolation,"21 Liberty Ave",,"Somerville, MA 02144",,21,"Liberty Ave",,,Somerville,MA,,"Middlesex County",02144,US,,"TIGER/Line® from the US Census Bureau",gcod_usn5v4vkhcwbs86367dxuy2vrzxld,
"36 Liberty Avenue, Somerville MA 02144","Liberty Avenue",36,42.399576,-71.115736,1,rooftop,"36 Liberty Ave",,"Somerville, MA 02144",,36,"Liberty Ave",,,Somerville,MA,,"Middlesex County",02144,US,,"Office of Geographic Information (MassGIS), Commonwealth of Massachusetts, MassIT",gcod_usn5v4vkhcwbs863vqqp94y7ubav4,building_centroid
"51 Liberty Avenue, Somerville MA 02144","Liberty Avenue",51,42.39926,-71.116518,1,rooftop,"51 Liberty Ave",,"Somerville, MA 02144",,51,"Liberty Ave",,,Somerville,MA,,"Middlesex County",02144,US,,"Office of Geographic Information (MassGIS), Commonwealth of Massachusetts, MassIT",gcod_usn5v4vkhcwbs863nnsaq689gufv7,building_centroid
"66 Liberty Avenue, Somerville MA 02144","Liberty Avenue",66,42.398807,-71.116705,1,range_interpolation,"66 Liberty Ave",,"Somerville, MA 02144",,66,"Liberty Ave",,,Somerville,MA,,"Middlesex County",02144,US,,"TIGER/Line® from the US Census Bureau",gcod_usn5v4vkhcwbs8634uc6lnywrm8s5,
"81 Liberty Avenue, Somerville MA 02144","Liberty Avenue",81,42.39831,-71.117089,1,rooftop,"81 Liberty Ave",,"Somerville, MA 02144",,81,"Liberty Ave",,,Somerville,MA,,"Middlesex County",02144,US,,"Office of Geographic Information (MassGIS), Commonwealth of Massachusetts, MassIT",gcod_usn5v4vkhcwbs863nq2qqp2zw5788,building_centroid
"96 Liberty Avenue, Somerville MA 02144","Liberty Avenue",96,42.397954,-71.1173,1,range_interpolation,"96 Liberty Ave",,"Somerville, MA 02144",,96,"Liberty Ave",,,Somerville,MA,,"Middlesex County",02144,US,,"TIGER/Line® from the US Census Bureau",gcod_usn5v4vkhcwbs863b8z63cq224jeh,
"111 Liberty Avenue, Somerville MA 02144","Liberty Avenue",111,42.397623,-71.117165,1,range_interpolation,"111 Liberty Ave",,"Somerville, MA 02144",,111,"Liberty Ave",,,Somerville,MA,,"Middlesex County",02144,US,,"TIGER/Line® from the US Census Bureau",gcod_usn5v4vkhcwbs863tuybulha8bfe6,
"125 Liberty Avenue, Somerville MA 02144","Liberty Avenue",125,42.397579,-71.117196,1,range_interpolation,"125 Liberty Ave",,"Somerville, MA 02144",,125,"Liberty Ave",,,Somerville,MA,,"Middlesex County",02144,US,,"TIGER/Line® from the US Census Bureau",gcod_usn5v4vkhcwbs8635vju6p5zrnla5,
"121 Liberty Road, Somerville MA 02144","Liberty Road",121,42.397127,-71.117871,1,rooftop,"121 Liberty Rd",,"Somerville, MA 02144",,121,"Liberty Rd",,,Somerville,MA,,"Middlesex County",02144,US,,"Office of Geographic Information (MassGIS), Commonwealth of Massachusetts, MassIT",gcod_usn4m8az6hnk4b4btd2zuf9gd6e7h,building_centroid
"130 Liberty Road, Somerville MA 02144","Liberty Road",130,42.396752,-71.117811,1,rooftop,"130 Liberty Rd",,"Somerville, MA 02144",,130,"Liberty Rd",,,Somerville,MA,,"Middlesex County",02144,US,,"Office of Geographic Information (MassGIS), Commonwealth of Massachusetts, MassIT",gcod_usn4m8az6hnk4b4b49gylpz2xdc9a,building_centroid
"5 Lowden Avenue, Somerville MA 02144","Lowden Avenue",5,42.400189,-71.11392,1,rooftop,"5 Lowden Ave",,"Somerville, MA 02144",,5,"Lowden Ave",,,Somerville,MA,,"Middlesex County",02144,US,,"Office of Geographic Information (MassGIS), Commonwealth of Massachusetts, MassIT",gcod_usnvfzqbxkm8ckvau2pxhucecm4z8,building_centroid
"20 Lowden Avenue, Somerville MA 02144","Lowden Avenue",20,42.399804,-71.114153,1,range_interpolation,"20 Lowden Ave",,"Somerville, MA 02144",,20,"Lowden Ave",,,Somerville,MA,,"Middlesex County",02144,US,,"TIGER/Line® from the US Census Bureau",gcod_usnvfzqbxkm8ckva5ele8n2gsnvz9,
"35 Lowden Avenue, Somerville MA 02144","Lowden Avenue",35,42.399201,-71.114585,1,rooftop,"35 Lowden Ave",,"Somerville, MA 02144",,35,"Lowden Ave",,,Somerville,MA,,"Middlesex County",02144,US,,"Office of Geographic Information (MassGIS), Commonwealth of Massachusetts, MassIT",gcod_usnvfzqbxkm8ckvashn7p2asus39a,building_centroid
"50 Lowden Avenue, Somerville MA 02144","Lowden Avenue",50,42.398651,-71.114455,1,rooftop,"50 Lowden Ave",,"Somerville, MA 02144",,50,"Lowden Ave",,,Somerville,MA,,"Middlesex County",02144,US,,"Office of Geographic Information (MassGIS), Commonwealth of Massachusetts, MassIT",gcod_usnvfzqbxkm8ckvagkbssds42778a,building_centroid
"65 Lowden Avenue, Somerville MA 02144","Lowden Avenue",65,42.398296,-71.11526,1,rooftop,"65 Lowden Ave",,"Somerville, MA 02144",,65,"Lowden Ave",,,Somerville,MA,,"Middlesex County",02144,US,,"Office of Geographic Information (MassGIS), Commonwealth of Massachusetts, MassIT",gcod_usnvfzqbxkm8ckvahdrxawvjskywc,building_centroid
"80 Lowden Avenue, Somerville MA 02144","Lowden Avenue",80,42.397652,-71.115135,1,rooftop,"80 Lowden Ave",,"Somerville, MA 02144",,80,"Lowden Ave",,,Somerville,MA,,"Middlesex County",02144,US,,"Office of Geographic Information (MassGIS), Commonwealth of Massachusetts, MassIT",gcod_usnvfzqbxkm8ckvaxfbwhgn6fbrna,building_centroid
"93 Lowden Avenue, Somerville MA 02144","Lowden Avenue",93,42.397399,-71.115864,1,rooftop,"93 Lowden Ave",,"Somerville, MA 02144",,93,"Lowden Ave",,,Somerville,MA,,"Middlesex County",02144,US,,"Office of Geographic Information (MassGIS), Commonwealth of Massachusetts, MassIT",gcod_usnvfzqbxkm8ckva6zv9t6h9mwe8g,building_centroid
"9 Mallet Street, Somerville MA 02144","Mallet Street",9,42.399305,-71.113812,1,rooftop,"9 Mallet St",,"Somerville, MA 02144",,9,"Mallet St",,,Somerville,MA,,"Middlesex County",02144,US,,"Office of Geographic Information (MassGIS), Commonwealth of Massachusetts, MassIT",gcod_usna8ydsa7f9nj7ebq28yuq2xnmk2,building_centroid
"Maxwell's Green, Somerville MA 02144","Maxwell's Green",center,42.393231,-71.106296,1,street_center,"Maxwells Grn",,"Somerville, MA 02144",,,"Maxwells Grn",,,Somerville,MA,,"Middlesex County",02144,US,,"TIGER/Line® from the US Census Bureau",gcod_uss4k2j96bvhj7qe,
"2 Morrison Avenue, Somerville MA 02144","Morrison Avenue",2,42.39433,-71.11106,1,rooftop,"2 Morrison Ave",,"Somerville, MA 02144",,2,"Morrison Ave",,,Somerville,MA,,"Middlesex County",02144,US,,"Office of Geographic Information (MassGIS), Commonwealth of Massachusetts, MassIT",gcod_usnal6aflubdfk3ccycrpjpk5hhjh,building_centroid
"17 Morrison Avenue, Somerville MA 02144","Morrison Avenue",17,42.394819,-71.111647,1,rooftop,"17 Morrison Ave",,"Somerville, MA 02144",,17,"Morrison Ave",,,Somerville,MA,,"Middlesex County",02144,US,,"Office of Geographic Information (MassGIS), Commonwealth of Massachusetts, MassIT",gcod_usnal6aflubdfk3c9hst5l6zvq37f,building_centroid
"32 Morrison Avenue, Somerville MA 02144","Morrison Avenue",32,42.394627,-71.11237,1,rooftop,"32 Morrison Ave",,"Somerville, MA 02144",,32,"Morrison Ave",,,Somerville,MA,,"Middlesex County",02144,US,,"Office of Geographic Information (MassGIS), Commonwealth of Massachusetts, MassIT",gcod_usnal6aflubdfk3c7cfsasyk8zcd8,building_centroid
"47 Morrison Avenue, Somerville MA 02144","Morrison Avenue",47,42.395153,-71.112927,1,rooftop,"47 Morrison Ave",,"Somerville, MA 02144",,47,"Morrison Ave",,,Somerville,MA,,"Middlesex County",02144,US,,"Office of Geographic Information (MassGIS), Commonwealth of Massachusetts, MassIT",gcod_usnal6aflubdfk3c3mrmyzauc2bk5,building_centroid
"62 Morrison Avenue, Somerville MA 02144","Morrison Avenue",62,42.395345,-71.113743,1,range_interpolation,"62 Morrison Ave",,"Somerville, MA 02144",,62,"Morrison Ave",,,Somerville,MA,,"Middlesex County",02144,US,,"TIGER/Line® from the US Census Bureau",gcod_usnal6aflubdfk3cz2z544z8f2fu2,
"77 Morrison Avenue, Somerville MA 02144","Morrison Avenue",77,42.397137,-71.118552,0.95,range_interpolation,"77 Morrison Pl",,"Somerville, MA 02144",,77,"Morrison Pl",,,Somerville,MA,,"Middlesex County",02144,US,,"TIGER/Line® from the US Census Bureau",gcod_usn3jnvxdsfuap8hw3xufrncgytjc,
"92 Morrison Avenue, Somerville MA 02144","Morrison Avenue",92,42.395648,-71.114962,1,range_interpolation,"92 Morrison Ave",,"Somerville, MA 02144",,92,"Morrison Ave",,,Somerville,MA,,"Middlesex County",02144,US,,"TIGER/Line® from the US Census Bureau",gcod_usnal6aflubdfk3ckkmnxm7lef387,
"107 Morrison Avenue, Somerville MA 02144","Morrison Avenue",107,42.395526,-71.11571,1,range_interpolation,"107 Morrison Ave",,"Somerville, MA 02144",,107,"Morrison Ave",,,Somerville,MA,,"Middlesex County",02144,US,,"TIGER/Line® from the US Census Bureau",gcod_usnal6aflubdfk3ce4pspgwwvpv3h,
"122 Morrison Avenue, Somerville MA 02144","Morrison Avenue",122,42.395796,-71.116448,1,rooftop,"122 Morrison Ave",,"Somerville, MA 02144",,122,"Morrison Ave",,,Somerville,MA,,"Middlesex County",02144,US,,"Office of Geographic Information (MassGIS), Commonwealth of Massachusetts, MassIT",gcod_usnal6aflubdfk3c7x7h7b3q5y5z5,building_centroid
"137 Morrison Avenue, Somerville MA 02144","Morrison Avenue",137,42.396345,-71.11697,1,rooftop,"137 Morrison Ave",,"Somerville, MA 02144",,137,"Morrison Ave",,,Somerville,MA,,"Middlesex County",02144,US,,"Office of Geographic Information (MassGIS), Commonwealth of Massachusetts, MassIT",gcod_usnal6aflubdfk3czq432qgka7vy8,building_centroid
"152 Morrison Avenue, Somerville MA 02144","Morrison Avenue",152,42.396952,-71.118316,0.95,range_interpolation,"152 Morrison Pl",,"Somerville, MA 02144",,152,"Morrison Pl",,,Somerville,MA,,"Middlesex County",02144,US,,"TIGER/Line® from the US Census Bureau",gcod_usn3jnvxdsfuap8hg7t8ss8gh8q2a,
"167 Morrison Avenue, Somerville MA 02144","Morrison Avenue",167,42.396592,-71.118412,1,range_interpolation,"167 Morrison Ave",,"Somerville, MA 02144",,167,"Morrison Ave",,,Somerville,MA,,"Middlesex County",02144,US,,"TIGER/Line® from the US Census Bureau",gcod_usnal6aflubdfk3c3cgszwvbbg6h2,
"182 Morrison Avenue, Somerville MA 02144","Morrison Avenue",182,42.396813,-71.11905,1,rooftop,"182 Morrison Ave",,"Somerville, MA 02144",,182,"Morrison Ave",,,Somerville,MA,,"Middlesex County",02144,US,,"Office of Geographic Information (MassGIS), Commonwealth of Massachusetts, MassIT",gcod_usnal6aflubdfk3cdr7aj7tes9xu2,building_centroid
"197 Morrison Avenue, Somerville MA 02144","Morrison Avenue",197,42.397593,-71.119266,1,rooftop,"197 Morrison Ave",,"Somerville, MA 02144",,197,"Morrison Ave",,,Somerville,MA,,"Middlesex County",02144,US,,"Office of Geographic Information (MassGIS), Commonwealth of Massachusetts, MassIT",gcod_usnal6aflubdfk3cvbrggyxy5mf7c,building_centroid
"212 Morrison Avenue, Somerville MA 02144","Morrison Avenue",212,42.397432,-71.119715,1,range_interpolation,"212 Morrison Ave",,"Somerville, MA 02144",,212,"Morrison Ave",,,Somerville,MA,,"Middlesex County",02144,US,,"TIGER/Line® from the US Census Bureau",gcod_usnal6aflubdfk3cluxhryrurl2y9,
"227 Morrison Avenue, Somerville MA 02144","Morrison Avenue",227,42.397269,-71.120128,1,range_interpolation,"227 Morrison Ave",,"Somerville, MA 02144",,227,"Morrison Ave",,,Somerville,MA,,"Middlesex County",02144,US,,"TIGER/Line® from the US Census Bureau",gcod_usnal6aflubdfk3cjmadr9u5ygryg,
"232 Morrison Avenue, Somerville MA 02144","Morrison Avenue",232,42.397579,-71.120096,1,range_interpolation,"232 Morrison Ave",,"Somerville, MA 02144",,232,"Morrison Ave",,,Somerville,MA,,"Middlesex County",02144,US,,"TIGER/Line® from the US Census Bureau",gcod_usnal6aflubdfk3cvnbpvzu4tmgb4,
"5 Morrison Place, Somerville MA 02144","Morrison Place",5,42.397068,-71.118287,1,rooftop,"5 Morrison Pl",,"Somerville, MA 02144",,5,"Morrison Pl",,,Somerville,MA,,"Middlesex County",02144,US,,"Office of Geographic Information (MassGIS), Commonwealth of Massachusetts, MassIT",gcod_usn3jnvxdsfuap8h2kf9mt8ft327b,building_centroid
"8 Morrison Place, Somerville MA 02144","Morrison Place",8,42.397176,-71.118548,1,rooftop,"8 Morrison Pl",,"Somerville, MA 02144",,8,"Morrison Pl",,,Somerville,MA,,"Middlesex County",02144,US,,"Office of Geographic Information (MassGIS), Commonwealth of Massachusetts, MassIT",gcod_usn3jnvxdsfuap8hdh6nxgza38qrb,building_centroid
"9 Murdock Street, Somerville MA 02145","Murdock Street",9,42.396222,-71.109161,1,rooftop,"9 Murdock St",,"Somerville, MA 02145",,9,"Murdock St",,,Somerville,MA,,"Middlesex County",02145,US,,"Office of Geographic Information (MassGIS), Commonwealth of Massachusetts, MassIT",gcod_usnajnex8vftyc6247evpzxfajrp4,building_centroid
"24 Murdock Street, Somerville MA 02145","Murdock Street",24,42.395872,-71.108935,1,range_interpolation,"24 Murdock St",,"Somerville, MA 02145",,24,"Murdock St",,,Somerville,MA,,"Middlesex County",02145,US,,"TIGER/Line® from the US Census Bureau",gcod_usnajnex8vftyc62lx96nuuj6yvbe,
"39 Murdock Street, Somerville MA 02145","Murdock Street",39,42.395207,-71.108516,1,rooftop,"39 Murdock St",,"Somerville, MA 02145",,39,"Murdock St",,,Somerville,MA,,"Middlesex County",02145,US,,"Office of Geographic Information (MassGIS), Commonwealth of Massachusetts, MassIT",gcod_usnajnex8vftyc62px3ueerm8dh9h,building_centroid
"54 Murdock Street, Somerville MA 02145","Murdock Street",54,42.394986,-71.107908,1,rooftop,"54 Murdock St",,"Somerville, MA 02145",,54,"Murdock St",,,Somerville,MA,,"Middlesex County",02145,US,,"Office of Geographic Information (MassGIS), Commonwealth of Massachusetts, MassIT",gcod_usnajnex8vftyc62kmm4mxxjd8y69,building_centroid
"65 Murdock Street, Somerville MA 02145","Murdock Street",65,42.394654,-71.108468,1,rooftop,"65 Murdock St",,"Somerville, MA 02145",,65,"Murdock St",,,Somerville,MA,,"Middlesex County",02145,US,,"Office of Geographic Information (MassGIS), Commonwealth of Massachusetts, MassIT",gcod_usnajnex8vftyc625xjzg4nn88bce,building_centroid
"4 Newman Place, Somerville MA 02145","Newman Place",4,42.395787,-71.109663,1,rooftop,"4 Newman Pl",,"Somerville, MA 02145",,4,"Newman Pl",,,Somerville,MA,,"Middlesex County",02145,US,,"Office of Geographic Information (MassGIS), Commonwealth of Massachusetts, MassIT",gcod_usn99ez4zu92euy8xffu3j98b4gl6,building_centroid
"8 Newman Place, Somerville MA 02145","Newman Place",8,42.395702,-71.109472,1,rooftop,"8 Newman Pl",,"Somerville, MA 02145",,8,"Newman Pl",,,Somerville,MA,,"Middlesex County",02145,US,,"Office of Geographic Information (MassGIS), Commonwealth of Massachusetts, MassIT",gcod_usn99ez4zu92euy8h4khsk3sjnqn3,building_centroid
"2 Pearson Avenue, Somerville MA 02144","Pearson Avenue",2,42.394875,-71.112552,0.98,range_interpolation,"2 Pearson Ave",,"Somerville, MA 02144",,2,"Pearson Ave",,,Somerville,MA,,"Middlesex County",02144,US,,"TIGER/Line® from the US Census Bureau",gcod_usn54qpgmcemh7w6suaj3ynzpgzc9,
"17 Pearson Avenue, Somerville MA 02144","Pearson Avenue",17,42.395525,-71.112093,1,rooftop,"17 Pearson Ave",,"Somerville, MA 02144",,17,"Pearson Ave",,,Somerville,MA,,"Middlesex County",02144,US,,"Office of Geographic Information (MassGIS), Commonwealth of Massachusetts, MassIT",gcod_usn54qpgmcemh7w6mhe5lz7q2ptm3,building_centroid
"32 Pearson Avenue, Somerville MA 02144","Pearson Avenue",32,42.395908,-71.112307,1,rooftop,"32 Pearson Ave",,"Somerville, MA 02144",,32,"Pearson Ave",,,Somerville,MA,,"Middlesex County",02144,US,,"Office of Geographic Information (MassGIS), Commonwealth of Massachusetts, MassIT",gcod_usn54qpgmcemh7w6nvnhgz99rmgy8,building_centroid
"47 Pearson Avenue, Somerville MA 02144","Pearson Avenue",47,42.396169,-71.11166,1,rooftop,"47 Pearson Ave",,"Somerville, MA 02144",,47,"Pearson Ave",,,Somerville,MA,,"Middlesex County",02144,US,,"Office of Geographic Information (MassGIS), Commonwealth of Massachusetts, MassIT",gcod_usn54qpgmcemh7w6d6w44vn5atfy7,building_centroid
"62 Pearson Avenue, Somerville MA 02144","Pearson Avenue",62,42.396592,-71.111391,1,range_interpolation,"62 Pearson Ave",,"Somerville, MA 02144",,62,"Pearson Ave",,,Somerville,MA,,"Middlesex County",02144,US,,"TIGER/Line® from the US Census Bureau",gcod_usn54qpgmcemh7w6xlcghgg8nabeg,
"77 Pearson Avenue, Somerville MA 02144","Pearson Avenue",77,42.397024,-71.111076,1,rooftop,"77 Pearson Ave",,"Somerville, MA 02144",,77,"Pearson Ave",,,Somerville,MA,,"Middlesex County",02144,US,,"Office of Geographic Information (MassGIS), Commonwealth of Massachusetts, MassIT",gcod_usn54qpgmcemh7w6z682fs7se7v29,building_centroid
"92 Pearson Avenue, Somerville MA 02144","Pearson Avenue",92,42.39694,-71.111156,1,range_interpolation,"92 Pearson Ave",,"Somerville, MA 02144",,92,"Pearson Ave",,,Somerville,MA,,"Middlesex County",02144,US,,"TIGER/Line® from the US Census Bureau",gcod_usn54qpgmcemh7w67gpfr4246ehmd,
"107 Pearson Avenue, Somerville MA 02144","Pearson Avenue",107,42.397278,-71.111289,1,range_interpolation,"107 Pearson Ave",,"Somerville, MA 02144",,107,"Pearson Ave",,,Somerville,MA,,"Middlesex County",02144,US,,"TIGER/Line® from the US Census Bureau",gcod_usn54qpgmcemh7w6ltep89nkcbnyg,
"116 Pearson Avenue, Somerville MA 02144","Pearson Avenue",116,42.398218,-71.110742,1,rooftop,"116 Pearson Ave",,"Somerville, MA 02144",,116,"Pearson Ave",,,Somerville,MA,,"Middlesex County",02144,US,,"Office of Geographic Information (MassGIS), Commonwealth of Massachusetts, MassIT",gcod_usn54qpgmcemh7w6nz3qv7h95rva4,building_centroid
"1 Pearson Road, Somerville MA 02144","Pearson Road",1,42.400712,-71.113871,1,rooftop,"1 Pearson Rd",,"Somerville, MA 02144",,1,"Pearson Rd",,,Somerville,MA,,"Middlesex County",02144,US,,"Office of Geographic Information (MassGIS), Commonwealth of Massachusetts, MassIT",gcod_usncftlft3m5hky6mbkz3lu64t7kc,building_centroid
"16 Pearson Road, Somerville MA 02144","Pearson Road",16,42.401215,-71.114305,1,range_interpolation,"16 Pearson Rd",,"Somerville, MA 02144",,16,"Pearson Rd",,,Somerville,MA,,"Middlesex County",02144,US,,"TIGER/Line® from the US Census Bureau",gcod_usncftlft3m5hky6rzkwkrldddqsc,
"31 Pearson Road, Somerville MA 02144","Pearson Road",31,42.401617,-71.114544,1,rooftop,"31 Pearson Rd",,"Somerville, MA 02144",,31,"Pearson Rd",,,Somerville,MA,,"Middlesex County",02144,US,,"Office of Geographic Information (MassGIS), Commonwealth of Massachusetts, MassIT",gcod_usncftlft3m5hky6u65erubm5xqca,building_centroid
"39 Pearson Road, Somerville MA 02144","Pearson Road",39,42.401859,-71.114583,1,rooftop,"39 Pearson Rd",,"Somerville, MA 02144",,39,"Pearson Rd",,,Somerville,MA,,"Middlesex County",02144,US,,"Office of Geographic Information (MassGIS), Commonwealth of Massachusetts, MassIT",gcod_usncftlft3m5hky68vbeyjvfwl6k9,building_centroid
"1 Powder House Terrace, Somerville MA 02144","Powder House Terrace",1,42.39898,-71.117338,1,rooftop,"1 Powder House Ter",,"Somerville, MA 02144",,1,"Powder House Ter",,,Somerville,MA,,"Middlesex County",02144,US,,"Office of Geographic Information (MassGIS), Commonwealth of Massachusetts, MassIT",gcod_usn8rtgg3ln9xrfew3jyvz5neqbhb,building_centroid
"16 Powder House Terrace, Somerville MA 02144","Powder House Terrace",16,42.399559,-71.117398,1,rooftop,"16 Powder House Ter",,"Somerville, MA 02144",,16,"Powder House Ter",,,Somerville,MA,,"Middlesex County",02144,US,,"Office of Geographic Information (MassGIS), Commonwealth of Massachusetts, MassIT",gcod_usn8rtgg3ln9xrfes268rwahvpuha,building_centroid
"31 Powder House Terrace, Somerville MA 02144","Powder House Terrace",31,42.399462,-71.117358,1,range_interpolation,"31 Powder House Ter",,"Somerville, MA 02144",,31,"Powder House Ter",,,Somerville,MA,,"Middlesex County",02144,US,,"TIGER/Line® from the US Census Bureau",gcod_usn8rtgg3ln9xrfezzuvy7s9mjsp8,
"39 Powder House Terrace, Somerville MA 02144","Powder House Terrace",39,42.399534,-71.116279,1,rooftop,"39 Powder House Ter",,"Somerville, MA 02144",,39,"Powder House Ter",,,Somerville,MA,,"Middlesex County",02144,US,,"Office of Geographic Information (MassGIS), Commonwealth of Massachusetts, MassIT",gcod_usn8rtgg3ln9xrfe9v6msr6dbd6a5,building_centroid
"5 Prichard Avenue, Somerville MA 02144","Prichard Avenue",5,42.395027,-71.111646,1,rooftop,"5 Prichard Ave",,"Somerville, MA 02144",,5,"Prichard Ave",,,Somerville,MA,,"Middlesex County",02144,US,,"Office of Geographic Information (MassGIS), Commonwealth of Massachusetts, MassIT",gcod_usnu9h6x4ul6pq5g2p7pu3rgx4jrf,building_centroid
"20 Prichard Avenue, Somerville MA 02144","Prichard Avenue",20,42.395435,-71.11179,1,rooftop,"20 Prichard Ave",,"Somerville, MA 02144",,20,"Prichard Ave",,,Somerville,MA,,"Middlesex County",02144,US,,"Office of Geographic Information (MassGIS), Commonwealth of Massachusetts, MassIT",gcod_usnu9h6x4ul6pq5g6fl68n43vcr8g,building_centroid
"35 Prichard Avenue, Somerville MA 02144","Prichard Avenue",35,42.395752,-71.11116,1,rooftop,"35 Prichard Ave",,"Somerville, MA 02144",,35,"Prichard Ave",,,Somerville,MA,,"Middlesex County",02144,US,,"Office of Geographic Information (MassGIS), Commonwealth of Massachusetts, MassIT",gcod_usnu9h6x4ul6pq5g23fb9vrm3qbz2,building_centroid
"50 Prichard Avenue, Somerville MA 02144","Prichard Avenue",50,42.396274,-71.11122,1,rooftop,"50 Prichard Ave",,"Somerville, MA 02144",,50,"Prichard Ave",,,Somerville,MA,,"Middlesex County",02144,US,,"Office of Geographic Information (MassGIS), Commonwealth of Massachusetts, MassIT",gcod_usnu9h6x4ul6pq5g6mwd2vkt9wfja,building_centroid
"65 Prichard Avenue, Somerville MA 02144","Prichard Avenue",65,42.396722,-71.110496,1,rooftop,"65 Prichard Ave",,"Somerville, MA 02144",,65,"Prichard Ave",,,Somerville,MA,,"Middlesex County",02144,US,,"Office of Geographic Information (MassGIS), Commonwealth of Massachusetts, MassIT",gcod_usnu9h6x4ul6pq5gqnlddt9qzwnea,building_centroid
"80 Prichard Avenue, Somerville MA 02144","Prichard Avenue",80,42.397142,-71.110656,1,rooftop,"80 Prichard Ave",,"Somerville, MA 02144",,80,"Prichard Ave",,,Somerville,MA,,"Middlesex County",02144,US,,"Office of Geographic Information (MassGIS), Commonwealth of Massachusetts, MassIT",gcod_usnu9h6x4ul6pq5gtw4przdj5vrb4,building_centroid
"95 Prichard Avenue, Somerville MA 02144","Prichard Avenue",95,42.397682,-71.110223,1,range_interpolation,"95 Prichard Ave",,"Somerville, MA 02144",,95,"Prichard Ave",,,Somerville,MA,,"Middlesex County",02144,US,,"TIGER/Line® from the US Census Bureau",gcod_usnu9h6x4ul6pq5gwltt6kue6eqe2,
"100 Prichard Avenue, Somerville MA 02144","Prichard Avenue",100,42.397651,-71.110294,0.94,nearest_rooftop_match,"98 Prichard Ave",,"Somerville, MA 02144",,98,"Prichard Ave",,,Somerville,MA,,"Middlesex County",02144,US,,"Office of Geographic Information (MassGIS), Commonwealth of Massachusetts, MassIT",gcod_usnu9h6x4ul6pq5gjcudkh8qz6af4,building_centroid
"4 Princeton Street, Somerville MA 02145","Princeton Street",4,42.392857,-71.10847,1,range_interpolation,"4 Princeton St",,"Somerville, MA 02144",,4,"Princeton St",,,Somerville,MA,,"Middlesex County",02144,US,,"TIGER/Line® from the US Census Bureau",gcod_usnzv8e3myx4pzl638rsawsdcdbd2,
"19 Princeton Street, Somerville MA 02145","Princeton Street",19,42.393201,-71.108243,1,range_interpolation,"19 Princeton St",,"Somerville, MA 02144",,19,"Princeton St",,,Somerville,MA,,"Middlesex County",02144,US,,"TIGER/Line® from the US Census Bureau",gcod_usnzv8e3myx4pzl6nwf3vurxqrg5b,
"34 Princeton Street, Somerville MA 02145","Princeton Street",34,42.392803,-71.107958,1,range_interpolation,"34 Princeton St",,"Somerville, MA 02144",,34,"Princeton St",,,Somerville,MA,,"Middlesex County",02144,US,,"TIGER/Line® from the US Census Bureau",gcod_usnzv8e3myx4pzl6gkr5hkjvzgxzf,
"49 Princeton Street, Somerville MA 02145","Princeton Street",49,42.392415,-71.106647,1,rooftop,"49 Princeton St",,"Somerville, MA 02144",,49,"Princeton St",,,Somerville,MA,,"Middlesex County",02144,US,,"Office of Geographic Information (MassGIS), Commonwealth of Massachusetts, MassIT",gcod_usnzv8e3myx4pzl6vxmd74mh2j7ga,building_centroid
"57 Princeton Street, Somerville MA 02145","Princeton Street",57,42.392921,-71.107325,1,range_interpolation,"57 Princeton St",,"Somerville, MA 02144",,57,"Princeton St",,,Somerville,MA,,"Middlesex County",02144,US,,"TIGER/Line® from the US Census Bureau",gcod_usnzv8e3myx4pzl6dvma492dmv5c3,
"2 Rogers Avenue, Somerville MA 02144","Rogers Avenue",2,42.395517,-71.114407,1,rooftop,"2 Rogers Ave",,"Somerville, MA 02144",,2,"Rogers Ave",,,Somerville,MA,,"Middlesex County",02144,US,,"Office of Geographic Information (MassGIS), Commonwealth of Massachusetts, MassIT",gcod_usnf8zu6wjknw53cn4mfs5x36pkw9,building_centroid
"17 Rogers Avenue, Somerville MA 02144","Rogers Avenue",17,42.395869,-71.11363,1,rooftop,"17 Rogers Ave",,"Somerville, MA 02144",,17,"Rogers Ave",,,Somerville,MA,,"Middlesex County",02144,US,,"Office of Geographic Information (MassGIS), Commonwealth of Massachusetts, MassIT",gcod_usnf8zu6wjknw53cxk9l8g27ttfg9,building_centroid
"32 Rogers Avenue, Somerville MA 02144","Rogers Avenue",32,42.396531,-71.1137,1,rooftop,"32 Rogers Ave",,"Somerville, MA 02144",,32,"Rogers Ave",,,Somerville,MA,,"Middlesex County",02144,US,,"Office of Geographic Information (MassGIS), Commonwealth of Massachusetts, MassIT",gcod_usnf8zu6wjknw53ctyrpuy6tstp96,building_centroid
"47 Rogers Avenue, Somerville MA 02144","Rogers Avenue",47,42.396914,-71.112947,1,rooftop,"47 Rogers Ave",,"Somerville, MA 02144",,47,"Rogers Ave",,,Somerville,MA,,"Middlesex County",02144,US,,"Office of Geographic Information (MassGIS), Commonwealth of Massachusetts, MassIT",gcod_usnf8zu6wjknw53c495nd5y8sdnpf,building_centroid
"62 Rogers Avenue, Somerville MA 02144","Rogers Avenue",62,42.397578,-71.112967,1,rooftop,"62 Rogers Ave",,"Somerville, MA 02144",,62,"Rogers Ave",,,Somerville,MA,,"Middlesex County",02144,US,,"Office of Geographic Information (MassGIS), Commonwealth of Massachusetts, MassIT",gcod_usnf8zu6wjknw53c8zx927l2tubtc,building_centroid
"77 Rogers Avenue, Somerville MA 02144","Rogers Avenue",77,42.397848,-71.112287,1,rooftop,"77 Rogers Ave",,"Somerville, MA 02144",,77,"Rogers Ave",,,Somerville,MA,,"Middlesex County",02144,US,,"Office of Geographic Information (MassGIS), Commonwealth of Massachusetts, MassIT",gcod_usnf8zu6wjknw53cgdtl69rrq4mwb,building_centroid
"92 Rogers Avenue, Somerville MA 02144","Rogers Avenue",92,42.398407,-71.112415,1,rooftop,"92 Rogers Ave",,"Somerville, MA 02144",,92,"Rogers Ave",,,Somerville,MA,,"Middlesex County",02144,US,,"Office of Geographic Information (MassGIS), Commonwealth of Massachusetts, MassIT",gcod_usnf8zu6wjknw53c53xucx6ujn533,building_centroid
"107 Rogers Avenue, Somerville MA 02144","Rogers Avenue",107,42.398147,-71.112501,1,range_interpolation,"107 Rogers Ave",,"Somerville, MA 02144",,107,"Rogers Ave",,,Somerville,MA,,"Middlesex County",02144,US,,"TIGER/Line® from the US Census Bureau",gcod_usnf8zu6wjknw53csxvdrzhgtssq3,
"122 Rogers Avenue, Somerville MA 02144","Rogers Avenue",122,42.39923,-71.111848,1,rooftop,"122 Rogers Ave",,"Somerville, MA 02144",,122,"Rogers Ave",,,Somerville,MA,,"Middlesex County",02144,US,,"Office of Geographic Information (MassGIS), Commonwealth of Massachusetts, MassIT",gcod_usnf8zu6wjknw53c7yneah36kecde,building_centroid
"130 Rogers Avenue, Somerville MA 02144","Rogers Avenue",130,42.39935,-71.111782,1,rooftop,"130 Rogers Ave",,"Somerville, MA 02144",,130,"Rogers Ave",,,Somerville,MA,,"Middlesex County",02144,US,,"Office of Geographic Information (MassGIS), Commonwealth of Massachusetts, MassIT",gcod_usnf8zu6wjknw53ck7dfcgmesjvt2,building_centroid
"10 Warwick Street, Somerville MA 02145","Warwick Street",10,42.394533,-71.110144,1,rooftop,"10 Warwick St",,"Somerville, MA 02145",,10,"Warwick St",,,Somerville,MA,,"Middlesex County",02145,US,,"Office of Geographic Information (MassGIS), Commonwealth of Massachusetts, MassIT",gcod_usny6lz66z4rssn9rrm62r29wkvud,building_centroid
"25 Warwick Street, Somerville MA 02145","Warwick Street",25,42.393951,-71.109732,1,rooftop,"25 Warwick St",,"Somerville, MA 02145",,25,"Warwick St",,,Somerville,MA,,"Middlesex County",02145,US,,"Office of Geographic Information (MassGIS), Commonwealth of Massachusetts, MassIT",gcod_usnxuuq5uc6zl784ll4sqpvby2bvd,building_centroid
"40 Warwick Street, Somerville MA 02145","Warwick Street",40,42.394005,-71.109888,1,range_interpolation,"40 Warwick St",,"Somerville, MA 02145",,40,"Warwick St",,,Somerville,MA,,"Middlesex County",02145,US,,"TIGER/Line® from the US Census Bureau",gcod_usny6lz66z4rssn9unxyu33t697k5,
"55 Warwick Street, Somerville MA 02145","Warwick Street",55,42.393711,-71.108441,1,range_interpolation,"55 Warwick St",,"Somerville, MA 02145",,55,"Warwick St",,,Somerville,MA,,"Middlesex County",02145,US,,"TIGER/Line® from the US Census Bureau",gcod_usny6lz66z4rssn9uw3722hrnmqe2,
"70 Warwick Street, Somerville MA 02145","Warwick Street",70,42.393703,-71.10919,1,range_interpolation,"70 Warwick St",,"Somerville, MA 02145",,70,"Warwick St",,,Somerville,MA,,"Middlesex County",02145,US,,"TIGER/Line® from the US Census Bureau",gcod_usny6lz66z4rssn9j2lwfkal6f33h,
"85 Warwick Street, Somerville MA 02145","Warwick Street",85,42.394109,-71.108284,1,range_interpolation,"85 Warwick St",,"Somerville, MA 02145",,85,"Warwick St",,,Somerville,MA,,"Middlesex County",02145,US,,"TIGER/Line® from the US Census Bureau",gcod_usny6lz66z4rssn9pz48j2uvdekkc,
"94 Warwick Street, Somerville MA 02145","Warwick Street",94,42.393466,-71.108632,1,range_interpolation,"94 Warwick St",,"Somerville, MA 02145",,94,"Warwick St",,,Somerville,MA,,"Middlesex County",02145,US,,"TIGER/Line® from the US Census Bureau",gcod_usny6lz66z4rssn9m52qrf6c4ms2d,
"130 Willow Avenue, Somerville MA 02144","Willow Avenue",130,42.39545,-71.116194,1,rooftop,"130 Willow Ave",,"Somerville, MA 02144",,130,"Willow Ave",,,Somerville,MA,,"Middlesex County",02144,US,,"Office of Geographic Information (MassGIS), Commonwealth of Massachusetts, MassIT",gcod_usnm9hv77dgkaxc4xslhfhaxkhmw6,building_centroid
"145 Willow Avenue, Somerville MA 02144","Willow Avenue",145,42.395828,-71.115803,1,range_interpolation,"145 Willow Ave",,"Somerville, MA 02144",,145,"Willow Ave",,,Somerville,MA,,"Middlesex County",02144,US,,"TIGER/Line® from the US Census Bureau",gcod_usnm9hv77dgkaxc4zzxae2lurted4,
"160 Willow Avenue, Somerville MA 02144","Willow Avenue",160,42.396468,-71.115434,0.91,nearest_rooftop_match,"164 Willow Ave",,"Somerville, MA 02144",,164,"Willow Ave",,,Somerville,MA,,"Middlesex County",02144,US,,"Office of Geographic Information (MassGIS), Commonwealth of Massachusetts, MassIT",gcod_usnm9hv77dgkaxc4gqarwffmkmvnh,building_centroid
"175 Willow Avenue, Somerville MA 02144","Willow Avenue",175,42.396825,-71.115119,1,range_interpolation,"175 Willow Ave",,"Somerville, MA 02144",,175,"Willow Ave",,,Somerville,MA,,"Middlesex County",02144,US,,"TIGER/Line® from the US Census Bureau",gcod_usnm9hv77dgkaxc4azb23enkw7z87,
"190 Willow Avenue, Somerville MA 02144","Willow Avenue",190,42.39716,-71.114525,1,range_interpolation,"190 Willow Ave",,"Somerville, MA 02144",,190,"Willow Ave",,,Somerville,MA,,"Middlesex County",02144,US,,"TIGER/Line® from the US Census Bureau",gcod_usnm9hv77dgkaxc44cqblytbdb75a,
"205 Willow Avenue, Somerville MA 02144","Willow Avenue",205,42.397701,-71.114517,1,range_interpolation,"205 Willow Ave",,"Somerville, MA 02144",,205,"Willow Ave",,,Somerville,MA,,"Middlesex County",02144,US,,"TIGER/Line® from the US Census Bureau",gcod_usnm9hv77dgkaxc4pb2kpunrxe8a3,
"220 Willow Avenue, Somerville MA 02144","Willow Avenue",220,42.398138,-71.113857,1,range_interpolation,"220 Willow Ave",,"Somerville, MA 02144",,220,"Willow Ave",,,Somerville,MA,,"Middlesex County",02144,US,,"TIGER/Line® from the US Census Bureau",gcod_usnm9hv77dgkaxc43gw4qjauuwtcg,
"235 Willow Avenue, Somerville MA 02144","Willow Avenue",235,42.398561,-71.113502,1,rooftop,"235 Willow Ave",,"Somerville, MA 02144",,235,"Willow Ave",,,Somerville,MA,,"Middlesex County",02144,US,,"Office of Geographic Information (MassGIS), Commonwealth of Massachusetts, MassIT",gcod_usnm9hv77dgkaxc4msjllmt3yr2g8,building_centroid
"250 Willow Avenue, Somerville MA 02144","Willow Avenue",250,42.399009,-71.113764,1,rooftop,"250 Willow Ave",,"Somerville, MA 02144",,250,"Willow Ave",,,Somerville,MA,,"Middlesex County",02144,US,,"Office of Geographic Information (MassGIS), Commonwealth of Massachusetts, MassIT",gcod_usnm9hv77dgkaxc4gscbsdrxlhz29,building_centroid
"265 Willow Avenue, Somerville MA 02144","Willow Avenue",265,42.399396,-71.112984,1,rooftop,"265 Willow Ave",,"Somerville, MA 02144",,265,"Willow Ave",,,Somerville,MA,,"Middlesex County",02144,US,,"Office of Geographic Information (MassGIS), Commonwealth of Massachusetts, MassIT",gcod_usnm9hv77dgkaxc4kbwvbegxettu9,building_centroid
"275 Willow Avenue, Somerville MA 02144","Willow Avenue",275,42.399705,-71.112768,1,rooftop,"275 Willow Ave",,"Somerville, MA 02144",,275,"Willow Ave",,,Somerville,MA,,"Middlesex County",02144,US,,"Office of Geographic Information (MassGIS), Commonwealth of Massachusetts, MassIT",gcod_usnm9hv77dgkaxc4yhwbcza36cl78,building_centroid
"5 Wilson Avenue, Somerville MA 02144","Wilson Avenue",5,42.398399,-71.108965,1,rooftop,"5 Wilson Ave",,"Somerville, MA 02145",,5,"Wilson Ave",,,Somerville,MA,,"Middlesex County",02145,US,,"Office of Geographic Information (MassGIS), Commonwealth of Massachusetts, MassIT",gcod_usn7y86dt4cdgby4j3mgsrsveddue,building_centroid
"20 Wilson Avenue, Somerville MA 02144","Wilson Avenue",20,42.397898,-71.10894,1,rooftop,"20 Wilson Ave",,"Somerville, MA 02145",,20,"Wilson Ave",,,Somerville,MA,,"Middlesex County",02145,US,,"Office of Geographic Information (MassGIS), Commonwealth of Massachusetts, MassIT",gcod_usn7y86dt4cdgby4ck2z9sgw687x8,building_centroid
"11 Winslow Avenue, Somerville MA 02144","Winslow Avenue",11,42.397053,-71.121142,1,rooftop,"11 Winslow Ave",,"Somerville, MA 02144",,11,"Winslow Ave",,,Somerville,MA,,"Middlesex County",02144,US,,"Office of Geographic Information (MassGIS), Commonwealth of Massachusetts, MassIT",gcod_usnj4yalstsjq856xrecpnk7dcdwh,building_centroid
"26 Winslow Avenue, Somerville MA 02144","Winslow Avenue",26,42.397133,-71.120398,1,rooftop,"26 Winslow Ave",,"Somerville, MA 02144",,26,"Winslow Ave",,,Somerville,MA,,"Middlesex County",02144,US,,"Office of Geographic Information (MassGIS), Commonwealth of Massachusetts, MassIT",gcod_usnj4yalstsjq856qrfu3bcauycwc,building_centroid
"41 Winslow Avenue, Somerville MA 02144","Winslow Avenue",41,42.39683,-71.119615,1,range_interpolation,"41 Winslow Ave",,"Somerville, MA 02144",,41,"Winslow Ave",,,Somerville,MA,,"Middlesex County",02144,US,,"TIGER/Line® from the US Census Bureau",gcod_usnj4yalstsjq856ty7almle9mth2,
"56 Winslow Avenue, Somerville MA 02144","Winslow Avenue",56,42.396622,-71.119198,1,rooftop,"56 Winslow Ave",,"Somerville, MA 02144",,56,"Winslow Ave",,,Somerville,MA,,"Middlesex County",02144,US,,"Office of Geographic Information (MassGIS), Commonwealth of Massachusetts, MassIT",gcod_usnj4yalstsjq856ajazd5bs7uqze,building_centroid
"71 Winslow Avenue, Somerville MA 02144","Winslow Avenue",71,42.396195,-71.118844,1,rooftop,"71 Winslow Ave",,"Somerville, MA 02144",,71,"Winslow Ave",,,Somerville,MA,,"Middlesex County",02144,US,,"Office of Geographic Information (MassGIS), Commonwealth of Massachusetts, MassIT",gcod_usnj4yalstsjq856jvalrgqla4txa,building_centroid
"86 Winslow Avenue, Somerville MA 02144","Winslow Avenue",86,42.395976,-71.118296,1,range_interpolation,"86 Winslow Ave",,"Somerville, MA 02144",,86,"Winslow Ave",,,Somerville,MA,,"Middlesex County",02144,US,,"TIGER/Line® from the US Census Bureau",gcod_usnj4yalstsjq8567h3vszj2f4f3h,
"99 Winslow Avenue, Somerville MA 02144","Winslow Avenue",99,42.395953,-71.118226,0.94,nearest_rooftop_match,"97 Winslow Ave",,"Somerville, MA 02144",,97,"Winslow Ave",,,Somerville,MA,,"Middlesex County",02144,US,,"Office of Geographic Information (MassGIS), Commonwealth of Massachusetts, MassIT",gcod_usnj4yalstsjq8565chfkyraynwec,building_centroid
