address,street,num,school,range_low,range_high,Geocodio Latitude,Geocodio Longitude,Geocodio Accuracy Score,Geocodio Accuracy Type,Geocodio Address Line 1,Geocodio Address Line 2,Geocodio Address Line 3,Geocodio Address Line 4,Geocodio House Number,Geocodio Street,Geocodio Unit Type,Geocodio Unit Number,Geocodio City,Geocodio State / Province,Geocodio Nation,Geocodio County,Geocodio Postal Code,Geocodio Country,Geocodio Building Name,Geocodio Source,Geocodio Stable Address Key,Geocodio Match Type
"1 Ash Avenue, Somerville MA",Ash Avenue,1,HEALEY,1,99,42.39888,-71.09517,1,range_interpolation,1 Ash Ave,,"Somerville, MA 02145",,1,Ash Ave,,,Somerville,MA,,Middlesex County,02145,US,,TIGER/Line® from the US Census Bureau,gcod_usn9za958djef4q2b633uhjxgmeff,
"26 Ash Avenue, Somerville MA",Ash Avenue,26,HEALEY,1,99,42.398417,-71.095833,1,rooftop,26 Ash Ave,,"Somerville, MA 02145",,26,Ash Ave,,,Somerville,MA,,Middlesex County,02145,US,,"Office of Geographic Information (MassGIS), Commonwealth of Massachusetts, MassIT",gcod_usn9za958djef4q2qxyjmxzggc4cg,building_centroid
"50 Ash Avenue, Somerville MA",Ash Avenue,50,HEALEY,1,99,42.399249,-71.095092,1,rooftop,50 Ash Ave,,"Somerville, MA 02145",,50,Ash Ave,,,Somerville,MA,,Middlesex County,02145,US,,"Office of Geographic Information (MassGIS), Commonwealth of Massachusetts, MassIT",gcod_usn9za958djef4q2qy5trd4a4626a,building_centroid
"74 Ash Avenue, Somerville MA",Ash Avenue,74,HEALEY,1,99,42.399132,-71.095147,1,range_interpolation,74 Ash Ave,,"Somerville, MA 02145",,74,Ash Ave,,,Somerville,MA,,Middlesex County,02145,US,,TIGER/Line® from the US Census Bureau,gcod_usn9za958djef4q22dw9wptg348l6,
"99 Ash Avenue, Somerville MA",Ash Avenue,99,HEALEY,1,99,42.39888,-71.09517,1,range_interpolation,99 Ash Ave,,"Somerville, MA 02145",,99,Ash Ave,,,Somerville,MA,,Middlesex County,02145,US,,TIGER/Line® from the US Census Bureau,gcod_usn9za958djef4q2cwf3lqsp24jte,
"1 Bailey Road, Somerville MA",Bailey Road,1,HEALEY,1,199,42.394838,-71.086551,0.89,nearest_rooftop_match,15 Bailey Rd,,"Somerville, MA 02145",,15,Bailey Rd,,,Somerville,MA,,Middlesex County,02145,US,,"Office of Geographic Information (MassGIS), Commonwealth of Massachusetts, MassIT",gcod_usndske9ecyvqdtceza47ld2mrkr7,building_centroid
"34 Bailey Road, Somerville MA",Bailey Road,34,HEALEY,1,199,42.395225,-71.087136,1,range_interpolation,34 Bailey Rd,,"Somerville, MA 02145",,34,Bailey Rd,,,Somerville,MA,,Middlesex County,02145,US,,TIGER/Line® from the US Census Bureau,gcod_usndske9ecyvqdtc3dxkz8m25t5wa,
"67 Bailey Road, Somerville MA",Bailey Road,67,HEALEY,1,199,42.395996,-71.088043,1,rooftop,67 Bailey Rd,,"Somerville, MA 02145",,67,Bailey Rd,,,Somerville,MA,,Middlesex County,02145,US,,"Office of Geographic Information (MassGIS), Commonwealth of Massachusetts, MassIT",gcod_usndske9ecyvqdtcysjcjhxb246f3,building_centroid
"100 Bailey Road, Somerville MA",Bailey Road,100,HEALEY,1,199,42.39649,-71.088791,1,range_interpolation,100 Bailey Rd,,"Somerville, MA 02145",,100,Bailey Rd,,,Somerville,MA,,Middlesex County,02145,US,,TIGER/Line® from the US Census Bureau,gcod_usndske9ecyvqdtctbapq4sl6mdkh,
"133 Bailey Road, Somerville MA",Bailey Road,133,HEALEY,1,199,42.397451,-71.09,1,rooftop,133 Bailey Rd,,"Somerville, MA 02145",,133,Bailey Rd,,,Somerville,MA,,Middlesex County,02145,US,,"Office of Geographic Information (MassGIS), Commonwealth of Massachusetts, MassIT",gcod_usndske9ecyvqdtct9mlafq589kla,building_centroid
"166 Bailey Road, Somerville MA",Bailey Road,166,HEALEY,1,199,42.39737,-71.089975,1,range_interpolation,166 Bailey Rd,,"Somerville, MA 02145",,166,Bailey Rd,,,Somerville,MA,,Middlesex County,02145,US,,TIGER/Line® from the US Census Bureau,gcod_usndske9ecyvqdtc7kmml48bcwcub,
"199 Bailey Road, Somerville MA",Bailey Road,199,HEALEY,1,199,42.397708,-71.090352,0.85,nearest_rooftop_match,145 Bailey Rd,,"Somerville, MA 02145",,145,Bailey Rd,,,Somerville,MA,,Middlesex County,02145,US,,"Office of Geographic Information (MassGIS), Commonwealth of Massachusetts, MassIT",gcod_usndske9ecyvqdtch6yt9lucp8u9b,building_centroid
"1 Bond Street, Somerville MA",Bond Street,1,HEALEY,1,99,42.394651,-71.096277,0.91,nearest_rooftop_match,5 Bond St,,"Somerville, MA 02145",,5,Bond St,,,Somerville,MA,,Middlesex County,02145,US,,"Office of Geographic Information (MassGIS), Commonwealth of Massachusetts, MassIT",gcod_usn48cqcc3eutjl92dbes3b7hfcxf,building_centroid
"26 Bond Street, Somerville MA",Bond Street,26,HEALEY,1,99,42.395464,-71.095617,0.91,nearest_rooftop_match,27 Bond St,,"Somerville, MA 02145",,27,Bond St,,,Somerville,MA,,Middlesex County,02145,US,,"Office of Geographic Information (MassGIS), Commonwealth of Massachusetts, MassIT",gcod_usn48cqcc3eutjl942g2tvwzrdjja,building_centroid
"50 Bond Street, Somerville MA",Bond Street,50,HEALEY,1,99,42.3954,-71.095605,1,range_interpolation,50 Bond St,,"Somerville, MA 02145",,50,Bond St,,,Somerville,MA,,Middlesex County,02145,US,,TIGER/Line® from the US Census Bureau,gcod_usn48cqcc3eutjl9tlru7wyz8z955,
"74 Bond Street, Somerville MA",Bond Street,74,HEALEY,1,99,42.395615,-71.095377,1,range_interpolation,74 Bond St,,"Somerville, MA 02145",,74,Bond St,,,Somerville,MA,,Middlesex County,02145,US,,TIGER/Line® from the US Census Bureau,gcod_usn48cqcc3eutjl9tmvp9re35m892,
"2 Butler Drive, Somerville MA",Butler Drive,2,HEALEY,2,98,42.395174,-71.091428,1,range_interpolation,2 Butler Dr,,"Somerville, MA 02145",,2,Butler Dr,,,Somerville,MA,,Middlesex County,02145,US,,TIGER/Line® from the US Census Bureau,gcod_usnn2gx3anr3qzj94uydnf3nk8vx4,
"26 Butler Drive, Somerville MA",Butler Drive,26,HEALEY,2,98,42.395128,-71.091275,1,range_interpolation,26 Butler Dr,,"Somerville, MA 02145",,26,Butler Dr,,,Somerville,MA,,Middlesex County,02145,US,,TIGER/Line® from the US Census Bureau,gcod_usnn2gx3anr3qzj9chdwzhynr6zlf,
"50 Butler Drive, Somerville MA",Butler Drive,50,HEALEY,2,98,42.395172,-71.091241,1,range_interpolation,50 Butler Dr,,"Somerville, MA 02145",,50,Butler Dr,,,Somerville,MA,,Middlesex County,02145,US,,TIGER/Line® from the US Census Bureau,gcod_usnn2gx3anr3qzj9lgf58x7eze6bh,
"74 Butler Drive, Somerville MA",Butler Drive,74,HEALEY,2,98,42.395217,-71.091207,1,range_interpolation,74 Butler Dr,,"Somerville, MA 02145",,74,Butler Dr,,,Somerville,MA,,Middlesex County,02145,US,,TIGER/Line® from the US Census Bureau,gcod_usnn2gx3anr3qzj9h38ea7h5kn7e4,
"98 Butler Drive, Somerville MA",Butler Drive,98,HEALEY,2,98,42.395352,-71.091293,1,range_interpolation,98 Butler Dr,,"Somerville, MA 02145",,98,Butler Dr,,,Somerville,MA,,Middlesex County,02145,US,,TIGER/Line® from the US Census Bureau,gcod_usnn2gx3anr3qzj9bjquj9ymlvdvb,
"1 Canal Lane, Somerville MA",Canal Lane,1,HEALEY,1,99,42.396929,-71.093777,0.91,nearest_rooftop_match,5 Canal Ln,,"Somerville, MA 02145",,5,Canal Ln,,,Somerville,MA,,Middlesex County,02145,US,,"Office of Geographic Information (MassGIS), Commonwealth of Massachusetts, MassIT",gcod_usndf6644qqlagv8sdvl7llsj3ubc,building_centroid
"26 Canal Lane, Somerville MA",Canal Lane,26,HEALEY,1,99,42.39674,-71.093715,1,range_interpolation,26 Canal Ln,,"Somerville, MA 02145",,26,Canal Ln,,,Somerville,MA,,Middlesex County,02145,US,,TIGER/Line® from the US Census Bureau,gcod_usndf6644qqlagv8l5fwye6stakf5,
"50 Canal Lane, Somerville MA",Canal Lane,50,HEALEY,1,99,42.396865,-71.093863,1,range_interpolation,50 Canal Ln,,"Somerville, MA 02145",,50,Canal Ln,,,Somerville,MA,,Middlesex County,02145,US,,TIGER/Line® from the US Census Bureau,gcod_usndf6644qqlagv8p74scjs4gsqh5,
"74 Canal Lane, Somerville MA",Canal Lane,74,HEALEY,1,99,42.396978,-71.094013,1,range_interpolation,74 Canal Ln,,"Somerville, MA 02145",,74,Canal Ln,,,Somerville,MA,,Middlesex County,02145,US,,TIGER/Line® from the US Census Bureau,gcod_usndf6644qqlagv8gfc3uc5f7gke4,
"99 Canal Lane, Somerville MA",Canal Lane,99,HEALEY,1,99,42.396929,-71.093777,0.83,nearest_rooftop_match,25 Canal Ln,,"Somerville, MA 02145",,25,Canal Ln,,,Somerville,MA,,Middlesex County,02145,US,,"Office of Geographic Information (MassGIS), Commonwealth of Massachusetts, MassIT",gcod_usndf6644qqlagv845xhdnfh7tv69,building_centroid
"301 Canal Street, Somerville MA",Canal Street,301,HEALEY,301,499,42.394217,-71.079225,1,range_interpolation,301 Canal St,,"Somerville, MA 02145",,301,Canal St,,,Somerville,MA,,Middlesex County,02145,US,,TIGER/Line® from the US Census Bureau,gcod_usncj8f8aknv3jzg7vpkd995vwzg9,
"334 Canal Street, Somerville MA",Canal Street,334,HEALEY,301,499,42.394265,-71.080154,0.87,nearest_rooftop_match,300 Canal St,,"Somerville, MA 02145",,300,Canal St,,,Somerville,MA,,Middlesex County,02145,US,,"Office of Geographic Information (MassGIS), Commonwealth of Massachusetts, MassIT",gcod_usncj8f8aknv3jzgu8jhe42mstkb6,building_centroid
"367 Canal Street, Somerville MA",Canal Street,367,HEALEY,301,499,42.394515,-71.078016,1,range_interpolation,367 Canal St,,"Somerville, MA 02145",,367,Canal St,,,Somerville,MA,,Middlesex County,02145,US,,TIGER/Line® from the US Census Bureau,gcod_usncj8f8aknv3jzgc23wvypqy72ab,
"400 Canal Street, Somerville MA",Canal Street,400,HEALEY,301,499,42.394001,-71.079317,0.87,nearest_rooftop_match,375 Canal St,,"Somerville, MA 02145",,375,Canal St,,,Somerville,MA,,Middlesex County,02145,US,,"Office of Geographic Information (MassGIS), Commonwealth of Massachusetts, MassIT",gcod_usncj8f8aknv3jzg5e2etvyhucuu9,building_centroid
"433 Canal Street, Somerville MA",Canal Street,433,HEALEY,301,499,42.394247,-71.080229,1,range_interpolation,433 Canal St,,"Somerville, MA 02145",,433,Canal St,,,Somerville,MA,,Middlesex County,02145,US,,TIGER/Line® from the US Census Bureau,gcod_usncj8f8aknv3jzg3jz4lx5zlhnl6,
"466 Canal Street, Somerville MA",Canal Street,466,HEALEY,301,499,42.393743,-71.078713,0.88,nearest_rooftop_match,449 Canal St,,"Somerville, MA 02145",,449,Canal St,,,Somerville,MA,,Middlesex County,02145,US,,"Office of Geographic Information (MassGIS), Commonwealth of Massachusetts, MassIT",gcod_usncj8f8aknv3jzgt4k87wnbddj4h,building_centroid
"499 Canal Street, Somerville MA",Canal Street,499,HEALEY,301,499,42.393743,-71.078713,1,rooftop,499 Canal St,,"Somerville, MA 02145",,499,Canal St,,,Somerville,MA,,Middlesex County,02145,US,,"Office of Geographic Information (MassGIS), Commonwealth of Massachusetts, MassIT",gcod_usncj8f8aknv3jzg7kechadzgggm2,building_centroid
"1 Century Street, Somerville MA",Century Street,1,HEALEY,1,99,42.397533,-71.096639,1,rooftop,1 Century St,,"Somerville, MA 02145",,1,Century St,,,Somerville,MA,,Middlesex County,02145,US,,"Office of Geographic Information (MassGIS), Commonwealth of Massachusetts, MassIT",gcod_usn6dbvjpqpxw5kawxxnph4uqgqud,building_centroid
"26 Century Street, Somerville MA",Century Street,26,HEALEY,1,99,42.397019,-71.097079,1,range_interpolation,26 Century St,,"Somerville, MA 02145",,26,Century St,,,Somerville,MA,,Middlesex County,02145,US,,TIGER/Line® from the US Census Bureau,gcod_usn6dbvjpqpxw5kaecjcnytv6shsb,
"50 Century Street, Somerville MA",Century Street,50,HEALEY,1,99,42.396916,-71.097188,1,range_interpolation,50 Century St,,"Somerville, MA 02145",,50,Century St,,,Somerville,MA,,Middlesex County,02145,US,,TIGER/Line® from the US Census Bureau,gcod_usn6dbvjpqpxw5kaazvcbhr2563vg,
"74 Century Street, Somerville MA",Century Street,74,HEALEY,1,99,42.396851,-71.097267,1,range_interpolation,74 Century St,,"Somerville, MA 02145",,74,Century St,,,Somerville,MA,,Middlesex County,02145,US,,TIGER/Line® from the US Census Bureau,gcod_usn6dbvjpqpxw5kayapqjuqg6pwu8,
"1 Crest Hill Road, Somerville MA",Crest Hill Road,1,HEALEY,1,99,42.398737,-71.086784,0.89,nearest_rooftop_match,11 Crest Hill Rd,,"Somerville, MA 02145",,11,Crest Hill Rd,,,Somerville,MA,,Middlesex County,02145,US,,"Office of Geographic Information (MassGIS), Commonwealth of Massachusetts, MassIT",gcod_usnzy4fzanb9qkjc7dxjk5wk3mzwa,building_centroid
"26 Crest Hill Road, Somerville MA",Crest Hill Road,26,HEALEY,1,99,42.398623,-71.086996,1,range_interpolation,26 Crest Hill Rd,,"Somerville, MA 02145",,26,Crest Hill Rd,,,Somerville,MA,,Middlesex County,02145,US,,TIGER/Line® from the US Census Bureau,gcod_usnzy4fzanb9qkjcnaps9rpryjekc,
"50 Crest Hill Road, Somerville MA",Crest Hill Road,50,HEALEY,1,99,42.398763,-71.086807,1,range_interpolation,50 Crest Hill Rd,,"Somerville, MA 02145",,50,Crest Hill Rd,,,Somerville,MA,,Middlesex County,02145,US,,TIGER/Line® from the US Census Bureau,gcod_usnzy4fzanb9qkjcewgub65g7s65a,
"74 Crest Hill Road, Somerville MA",Crest Hill Road,74,HEALEY,1,99,42.398903,-71.086617,1,range_interpolation,74 Crest Hill Rd,,"Somerville, MA 02145",,74,Crest Hill Rd,,,Somerville,MA,,Middlesex County,02145,US,,TIGER/Line® from the US Census Bureau,gcod_usnzy4fzanb9qkjclvssf7a4xvejg,
"1 Derby Street, Somerville MA",Derby Street,1,HEALEY,1,99,42.39293,-71.088911,0.91,nearest_rooftop_match,2 Derby St,,"Somerville, MA 02145",,2,Derby St,,,Somerville,MA,,Middlesex County,02145,US,,"Office of Geographic Information (MassGIS), Commonwealth of Massachusetts, MassIT",gcod_usnlu49559x6cf5hkz7bcsquu2j23,building_centroid
"26 Derby Street, Somerville MA",Derby Street,26,HEALEY,1,99,42.393571,-71.089813,1,rooftop,26 Derby St,,"Somerville, MA 02145",,26,Derby St,,,Somerville,MA,,Middlesex County,02145,US,,"Office of Geographic Information (MassGIS), Commonwealth of Massachusetts, MassIT",gcod_usnlu49559x6cf5hzwrlxct53edqg,building_centroid
"50 Derby Street, Somerville MA",Derby Street,50,HEALEY,1,99,42.394092,-71.090485,1,rooftop,50 Derby St,,"Somerville, MA 02145",,50,Derby St,,,Somerville,MA,,Middlesex County,02145,US,,"Office of Geographic Information (MassGIS), Commonwealth of Massachusetts, MassIT",gcod_usnlu49559x6cf5h6vd84srtm8hg2,building_centroid
"74 Derby Street, Somerville MA",Derby Street,74,HEALEY,1,99,42.394669,-71.091257,1,rooftop,74 Derby St,,"Somerville, MA 02145",,74,Derby St,,,Somerville,MA,,Middlesex County,02145,US,,"Office of Geographic Information (MassGIS), Commonwealth of Massachusetts, MassIT",gcod_usnlu49559x6cf5hhjdvwdrbee8pf,building_centroid
"99 Derby Street, Somerville MA",Derby Street,99,HEALEY,1,99,42.395068,-71.091252,0.88,nearest_rooftop_match,79 Derby St,,"Somerville, MA 02145",,79,Derby St,,,Somerville,MA,,Middlesex County,02145,US,,"Office of Geographic Information (MassGIS), Commonwealth of Massachusetts, MassIT",gcod_usnlu49559x6cf5h8lufxjtjq9a9e,building_centroid
"1 Douglas Avenue, Somerville MA",Douglas Avenue,1,HEALEY,1,99,42.395328,-71.096978,1,range_interpolation,1 Douglas Ave,,"Somerville, MA 02145",,1,Douglas Ave,,,Somerville,MA,,Middlesex County,02145,US,,TIGER/Line® from the US Census Bureau,gcod_usnn3wj9tm9l7j5cs4k47gfqz6rzc,
"26 Douglas Avenue, Somerville MA",Douglas Avenue,26,HEALEY,1,99,42.395526,-71.097039,1,range_interpolation,26 Douglas Ave,,"Somerville, MA 02145",,26,Douglas Ave,,,Somerville,MA,,Middlesex County,02145,US,,TIGER/Line® from the US Census Bureau,gcod_usnn3wj9tm9l7j5c7pwgcpw7v5tq6,
"50 Douglas Avenue, Somerville MA",Douglas Avenue,50,HEALEY,1,99,42.395589,-71.097167,1,range_interpolation,50 Douglas Ave,,"Somerville, MA 02145",,50,Douglas Ave,,,Somerville,MA,,Middlesex County,02145,US,,TIGER/Line® from the US Census Bureau,gcod_usnn3wj9tm9l7j5cjvjj55gubru5a,
"74 Douglas Avenue, Somerville MA",Douglas Avenue,74,HEALEY,1,99,42.395652,-71.097295,1,range_interpolation,74 Douglas Ave,,"Somerville, MA 02145",,74,Douglas Ave,,,Somerville,MA,,Middlesex County,02145,US,,TIGER/Line® from the US Census Bureau,gcod_usnn3wj9tm9l7j5c4vr5fvzhts5te,
"99 Douglas Avenue, Somerville MA",Douglas Avenue,99,HEALEY,1,99,42.395581,-71.097489,1,range_interpolation,99 Douglas Ave,,"Somerville, MA 02145",,99,Douglas Ave,,,Somerville,MA,,Middlesex County,02145,US,,TIGER/Line® from the US Census Bureau,gcod_usnn3wj9tm9l7j5cvmyswsp8chrfg,
"2 Edgar Avenue, Somerville MA",Edgar Avenue,2,HEALEY,2,99,42.396541,-71.096813,1,rooftop,2 Edgar Ave,,"Somerville, MA 02145",,2,Edgar Ave,,,Somerville,MA,,Middlesex County,02145,US,,"Office of Geographic Information (MassGIS), Commonwealth of Massachusetts, MassIT",gcod_usnc9teucsneau65g9vuf3fxbzjy3,building_centroid
"26 Edgar Avenue, Somerville MA",Edgar Avenue,26,HEALEY,2,99,42.396256,-71.096671,1,range_interpolation,26 Edgar Ave,,"Somerville, MA 02145",,26,Edgar Ave,,,Somerville,MA,,Middlesex County,02145,US,,TIGER/Line® from the US Census Bureau,gcod_usnc9teucsneau65z57fsfjgwl3xa,
"50 Edgar Avenue, Somerville MA",Edgar Avenue,50,HEALEY,2,99,42.396755,-71.096214,1,range_interpolation,50 Edgar Ave,,"Somerville, MA 02145",,50,Edgar Ave,,,Somerville,MA,,Middlesex County,02145,US,,TIGER/Line® from the US Census Bureau,gcod_usnc9teucsneau65n3ysvqyq87u43,
"75 Edgar Avenue, Somerville MA",Edgar Avenue,75,HEALEY,2,99,42.396532,-71.096825,1,range_interpolation,75 Edgar Ave,,"Somerville, MA 02145",,75,Edgar Ave,,,Somerville,MA,,Middlesex County,02145,US,,TIGER/Line® from the US Census Bureau,gcod_usnc9teucsneau65w5cqbcktjwl6e,
"99 Edgar Avenue, Somerville MA",Edgar Avenue,99,HEALEY,2,99,42.397114,-71.095755,0.87,nearest_rooftop_match,69 Edgar Ave,,"Somerville, MA 02145",,69,Edgar Ave,,,Somerville,MA,,Middlesex County,02145,US,,"Office of Geographic Information (MassGIS), Commonwealth of Massachusetts, MassIT",gcod_usnc9teucsneau65qmczz28y9fmb5,building_centroid
"1 Edgar Court, Somerville MA",Edgar Court,1,HEALEY,1,99,42.39679,-71.096581,0.95,rooftop,1 Edgar Ave,,"Somerville, MA 02145",,1,Edgar Ave,,,Somerville,MA,,Middlesex County,02145,US,,"Office of Geographic Information (MassGIS), Commonwealth of Massachusetts, MassIT",gcod_usnc9teucsneau65snfsyq3nd4zt3,building_centroid
"26 Edgar Court, Somerville MA",Edgar Court,26,HEALEY,1,99,42.397235,-71.09621,1,range_interpolation,26 Edgar Ct,,"Somerville, MA 02145",,26,Edgar Ct,,,Somerville,MA,,Middlesex County,02145,US,,TIGER/Line® from the US Census Bureau,gcod_usnm4bddtgdjb2n94v7ld22b5yr98,
"50 Edgar Court, Somerville MA",Edgar Court,50,HEALEY,1,99,42.397292,-71.096328,1,range_interpolation,50 Edgar Ct,,"Somerville, MA 02145",,50,Edgar Ct,,,Somerville,MA,,Middlesex County,02145,US,,TIGER/Line® from the US Census Bureau,gcod_usnm4bddtgdjb2n9x3ke4gty2nvxe,
"74 Edgar Court, Somerville MA",Edgar Court,74,HEALEY,1,99,42.397348,-71.096446,1,range_interpolation,74 Edgar Ct,,"Somerville, MA 02145",,74,Edgar Ct,,,Somerville,MA,,Middlesex County,02145,US,,TIGER/Line® from the US Census Bureau,gcod_usnm4bddtgdjb2n9hfu77x6rhe4hd,
"99 Edgar Court, Somerville MA",Edgar Court,99,HEALEY,1,99,42.397114,-71.095755,0.82,nearest_rooftop_match,69 Edgar Ave,,"Somerville, MA 02145",,69,Edgar Ave,,,Somerville,MA,,Middlesex County,02145,US,,"Office of Geographic Information (MassGIS), Commonwealth of Massachusetts, MassIT",gcod_usnc9teucsneau65qmczz28y9fmb5,building_centroid
"1 Edgar Terrace, Somerville MA",Edgar Terrace,1,HEALEY,1,99,42.39679,-71.096581,0.95,rooftop,1 Edgar Ave,,"Somerville, MA 02145",,1,Edgar Ave,,,Somerville,MA,,Middlesex County,02145,US,,"Office of Geographic Information (MassGIS), Commonwealth of Massachusetts, MassIT",gcod_usnc9teucsneau65snfsyq3nd4zt3,building_centroid
"26 Edgar Terrace, Somerville MA",Edgar Terrace,26,HEALEY,1,99,42.396796,-71.096597,1,range_interpolation,26 Edgar Ter,,"Somerville, MA 02145",,26,Edgar Ter,,,Somerville,MA,,Middlesex County,02145,US,,TIGER/Line® from the US Census Bureau,gcod_usnuh2hel7ky9ea7lcyjfhsu4jmjc,
"50 Edgar Terrace, Somerville MA",Edgar Terrace,50,HEALEY,1,99,42.39684,-71.096688,1,range_interpolation,50 Edgar Ter,,"Somerville, MA 02145",,50,Edgar Ter,,,Somerville,MA,,Middlesex County,02145,US,,TIGER/Line® from the US Census Bureau,gcod_usnuh2hel7ky9ea7d98vkemksymac,
"74 Edgar Terrace, Somerville MA",Edgar Terrace,74,HEALEY,1,99,42.396911,-71.096821,1,range_interpolation,74 Edgar Ter,,"Somerville, MA 02145",,74,Edgar Ter,,,Somerville,MA,,Middlesex County,02145,US,,TIGER/Line® from the US Census Bureau,gcod_usnuh2hel7ky9ea7p5afe8xlqg335,
"99 Edgar Terrace, Somerville MA",Edgar Terrace,99,HEALEY,1,99,42.396532,-71.097307,0.84,nearest_rooftop_match,38 Edgar Ter,,"Somerville, MA 02145",,38,Edgar Ter,,,Somerville,MA,,Middlesex County,02145,US,,"Office of Geographic Information (MassGIS), Commonwealth of Massachusetts, MassIT",gcod_usnuh2hel7ky9ea7eekmb82gguqga,building_centroid
"200 Fellsway, Somerville MA",Fellsway,200,HEALEY,200,298,42.397594,-71.08519,0.88,nearest_rooftop_match,218 Fellsway,,"Somerville, MA 02145",,218,Fellsway,,,Somerville,MA,,Middlesex County,02145,US,,"Office of Geographic Information (MassGIS), Commonwealth of Massachusetts, MassIT",gcod_usnx8phng4hh98b32fa7tnht6tgv7,building_centroid
"224 Fellsway, Somerville MA",Fellsway,224,HEALEY,200,298,42.397725,-71.085173,1,rooftop,224 Fellsway,,"Somerville, MA 02145",,224,Fellsway,,,Somerville,MA,,Middlesex County,02145,US,,"Office of Geographic Information (MassGIS), Commonwealth of Massachusetts, MassIT",gcod_usnx8phng4hh98b3p5zaj36sudq86,building_centroid
"249 Fellsway, Somerville MA",Fellsway,249,HEALEY,200,298,42.396911,-71.084985,1,range_interpolation,249 Fellsway,,"Somerville, MA 02145",,249,Fellsway,,,Somerville,MA,,Middlesex County,02145,US,,TIGER/Line® from the US Census Bureau,gcod_usnx8phng4hh98b3p3zlfudc3prv3,
"274 Fellsway, Somerville MA",Fellsway,274,HEALEY,200,298,42.393022,-71.086981,1,range_interpolation,274 Fellsway W,,"Somerville, MA 02145",,274,Fellsway W,,,Somerville,MA,,Middlesex County,02145,US,,TIGER/Line® from the US Census Bureau,gcod_usnkpswngfjperb88ammmfnfgz4x9,
"298 Fellsway, Somerville MA",Fellsway,298,HEALEY,200,298,42.393452,-71.086438,1,range_interpolation,298 Fellsway W,,"Somerville, MA 02145",,298,Fellsway W,,,Somerville,MA,,Middlesex County,02145,US,,TIGER/Line® from the US Census Bureau,gcod_usnkpswngfjperb8mkk3e4jbepfk7,
"1 Fenwick Street, Somerville MA",Fenwick Street,1,HEALEY,1,99,42.394389,-71.095421,0.89,nearest_rooftop_match,11 Fenwick St,,"Somerville, MA 02145",,11,Fenwick St,,,Somerville,MA,,Middlesex County,02145,US,,"Office of Geographic Information (MassGIS), Commonwealth of Massachusetts, MassIT",gcod_usnffvw5cej8tvyewhtgs8rdpartd,building_centroid
"26 Fenwick Street, Somerville MA",Fenwick Street,26,HEALEY,1,99,42.394916,-71.095451,1,rooftop,26 Fenwick St,,"Somerville, MA 02145",,26,Fenwick St,,,Somerville,MA,,Middlesex County,02145,US,,"Office of Geographic Information (MassGIS), Commonwealth of Massachusetts, MassIT",gcod_usnffvw5cej8tvye5suqengmj9ylb,building_centroid
"50 Fenwick Street, Somerville MA",Fenwick Street,50,HEALEY,1,99,42.395043,-71.094874,1,range_interpolation,50 Fenwick St,,"Somerville, MA 02145",,50,Fenwick St,,,Somerville,MA,,Middlesex County,02145,US,,TIGER/Line® from the US Census Bureau,gcod_usnffvw5cej8tvye4me7kfx34krn7,
"74 Fenwick Street, Somerville MA",Fenwick Street,74,HEALEY,1,99,42.39528,-71.094665,1,range_interpolation,74 Fenwick St,,"Somerville, MA 02145",,74,Fenwick St,,,Somerville,MA,,Middlesex County,02145,US,,TIGER/Line® from the US Census Bureau,gcod_usnffvw5cej8tvyefxwltl33hpd79,
"99 Fenwick Street, Somerville MA",Fenwick Street,99,HEALEY,1,99,42.395462,-71.094492,0.85,nearest_rooftop_match,49 Fenwick St,,"Somerville, MA 02145",,49,Fenwick St,,,Somerville,MA,,Middlesex County,02145,US,,"Office of Geographic Information (MassGIS), Commonwealth of Massachusetts, MassIT",gcod_usnffvw5cej8tvye88lc3pg4mx8b3,building_centroid
"1 Florence Terrace, Somerville MA",Florence Terrace,1,HEALEY,1,99,42.394486,-71.093162,1,range_interpolation,1 Florence Ter,,"Somerville, MA 02145",,1,Florence Ter,,,Somerville,MA,,Middlesex County,02145,US,,TIGER/Line® from the US Census Bureau,gcod_usncu8fy4cwvy8lfjh4r8h8x9yz74,
"26 Florence Terrace, Somerville MA",Florence Terrace,26,HEALEY,1,99,42.394459,-71.092986,1,range_interpolation,26 Florence Ter,,"Somerville, MA 02145",,26,Florence Ter,,,Somerville,MA,,Middlesex County,02145,US,,TIGER/Line® from the US Census Bureau,gcod_usncu8fy4cwvy8lfpekafvc9s8sa5,
"50 Florence Terrace, Somerville MA",Florence Terrace,50,HEALEY,1,99,42.394531,-71.092922,1,range_interpolation,50 Florence Ter,,"Somerville, MA 02145",,50,Florence Ter,,,Somerville,MA,,Middlesex County,02145,US,,TIGER/Line® from the US Census Bureau,gcod_usncu8fy4cwvy8lfqjsktjkcrv3d2,
"74 Florence Terrace, Somerville MA",Florence Terrace,74,HEALEY,1,99,42.394604,-71.092858,1,range_interpolation,74 Florence Ter,,"Somerville, MA 02145",,74,Florence Ter,,,Somerville,MA,,Middlesex County,02145,US,,TIGER/Line® from the US Census Bureau,gcod_usncu8fy4cwvy8lfb4srv8ab2gvx3,
"99 Florence Terrace, Somerville MA",Florence Terrace,99,HEALEY,1,99,42.394775,-71.092907,1,range_interpolation,99 Florence Ter,,"Somerville, MA 02145",,99,Florence Ter,,,Somerville,MA,,Middlesex County,02145,US,,TIGER/Line® from the US Census Bureau,gcod_usncu8fy4cwvy8lf4k6tyst6x2a4e,
"1 Fremont Street, Somerville MA",Fremont Street,1,HEALEY,1,199,42.378606,-71.10067,0.95,rooftop,1 Fremont Ave,,"Somerville, MA 02143",,1,Fremont Ave,,,Somerville,MA,,Middlesex County,02143,US,,"Office of Geographic Information (MassGIS), Commonwealth of Massachusetts, MassIT",gcod_usnvsclp8xlz479d5z8566xjzq24d,building_centroid
"34 Fremont Street, Somerville MA",Fremont Street,34,HEALEY,1,199,42.397988,-71.098529,1,rooftop,34 Fremont St,,"Somerville, MA 02145",,34,Fremont St,,,Somerville,MA,,Middlesex County,02145,US,,"Office of Geographic Information (MassGIS), Commonwealth of Massachusetts, MassIT",gcod_usnaa3txk5289hbe7xg5wfkgvk37g,building_centroid
"67 Fremont Street, Somerville MA",Fremont Street,67,HEALEY,1,199,42.398688,-71.097359,1,rooftop,67 Fremont St,,"Somerville, MA 02145",,67,Fremont St,,,Somerville,MA,,Middlesex County,02145,US,,"Office of Geographic Information (MassGIS), Commonwealth of Massachusetts, MassIT",gcod_usnaa3txk5289hbenmkutz3fucsdf,building_centroid
"100 Fremont Street, Somerville MA",Fremont Street,100,HEALEY,1,199,42.399766,-71.096843,1,rooftop,100 Fremont St,,"Somerville, MA 02145",,100,Fremont St,,,Somerville,MA,,Middlesex County,02145,US,,"Office of Geographic Information (MassGIS), Commonwealth of Massachusetts, MassIT",gcod_usnaa3txk5289hbe2e5wvt5dxs828,building_centroid
"133 Fremont Street, Somerville MA",Fremont Street,133,HEALEY,1,199,42.399849,-71.096746,1,range_interpolation,133 Fremont St,,"Somerville, MA 02145",,133,Fremont St,,,Somerville,MA,,Middlesex County,02145,US,,TIGER/Line® from the US Census Bureau,gcod_usnaa3txk5289hbe6xrk6x7q46z24,
"166 Fremont Street, Somerville MA",Fremont Street,166,HEALEY,1,199,42.399765,-71.096416,1,range_interpolation,166 Fremont St,,"Somerville, MA 02145",,166,Fremont St,,,Somerville,MA,,Middlesex County,02145,US,,TIGER/Line® from the US Census Bureau,gcod_usnaa3txk5289hbethnakd3gm3r4c,
"199 Fremont Street, Somerville MA",Fremont Street,199,HEALEY,1,199,42.400101,-71.096604,0.81,nearest_rooftop_match,112 Fremont St,,"Somerville, MA 02145",,112,Fremont St,,,Somerville,MA,,Middlesex County,02145,US,,"Office of Geographic Information (MassGIS), Commonwealth of Massachusetts, MassIT",gcod_usnaa3txk5289hbejnemzm3prtav4,building_centroid
"1 Grant Street, Somerville MA",Grant Street,1,HEALEY,1,199,42.382668,-71.103116,0.91,nearest_rooftop_match,5 Granite St,,"Somerville, MA 02143",,5,Granite St,,,Somerville,MA,,Middlesex County,02143,US,,"Office of Geographic Information (MassGIS), Commonwealth of Massachusetts, MassIT",gcod_usn4eyjsqrcs3bg6h9rz7la647vh6,building_centroid
"34 Grant Street, Somerville MA",Grant Street,34,HEALEY,1,199,42.392764,-71.090525,1,rooftop,34 Grant St,,"Somerville, MA 02145",,34,Grant St,,,Somerville,MA,,Middlesex County,02145,US,,"Office of Geographic Information (MassGIS), Commonwealth of Massachusetts, MassIT",gcod_usnwsdvbt5ervmq8esj62fxd79mha,building_centroid
"67 Grant Street, Somerville MA",Grant Street,67,HEALEY,1,199,42.39341,-71.089003,1,rooftop,67 Grant St,,"Somerville, MA 02145",,67,Grant St,,,Somerville,MA,,Middlesex County,02145,US,,"Office of Geographic Information (MassGIS), Commonwealth of Massachusetts, MassIT",gcod_usnwsdvbt5ervmq844y4h3ctxh2ag,building_centroid
"100 Grant Street, Somerville MA",Grant Street,100,HEALEY,1,199,42.3944,-71.088272,1,rooftop,100 Grant St,,"Somerville, MA 02145",,100,Grant St,,,Somerville,MA,,Middlesex County,02145,US,,"Office of Geographic Information (MassGIS), Commonwealth of Massachusetts, MassIT",gcod_usnwsdvbt5ervmq8rzqsqcnbe4ar9,building_centroid
"133 Grant Street, Somerville MA",Grant Street,133,HEALEY,1,199,42.394284,-71.08838,1,range_interpolation,133 Grant St,,"Somerville, MA 02145",,133,Grant St,,,Somerville,MA,,Middlesex County,02145,US,,TIGER/Line® from the US Census Bureau,gcod_usnwsdvbt5ervmq8w9rjcbr67f2ua,
"166 Grant Street, Somerville MA",Grant Street,166,HEALEY,1,199,42.394233,-71.087932,1,range_interpolation,166 Grant St,,"Somerville, MA 02145",,166,Grant St,,,Somerville,MA,,Middlesex County,02145,US,,TIGER/Line® from the US Census Bureau,gcod_usnwsdvbt5ervmq8dd8vz8fdbvk5b,
"199 Grant Street, Somerville MA",Grant Street,199,HEALEY,1,199,42.394162,-71.087889,0.81,nearest_rooftop_match,105 Grant St,,"Somerville, MA 02145",,105,Grant St,,,Somerville,MA,,Middlesex County,02145,US,,"Office of Geographic Information (MassGIS), Commonwealth of Massachusetts, MassIT",gcod_usnwsdvbt5ervmq87zmremz52d6vg,building_centroid
"301 Great River Road, Somerville MA",Great River Road,301,HEALEY,301,335,42.395751,-71.080947,1,rooftop,301 Great River Rd,,"Somerville, MA 02145",,301,Great River Rd,,,Somerville,MA,,Middlesex County,02145,US,,"Office of Geographic Information (MassGIS), Commonwealth of Massachusetts, MassIT",gcod_usngmhpagngjbe26uabpxz8z4vcn7,building_centroid
"318 Great River Road, Somerville MA",Great River Road,318,HEALEY,301,335,42.395769,-71.080573,1,range_interpolation,318 Great River Rd,,"Somerville, MA 02145",,318,Great River Rd,,,Somerville,MA,,Middlesex County,02145,US,,TIGER/Line® from the US Census Bureau,gcod_usngmhpagngjbe26alcq8a4kggusb,
"335 Great River Road, Somerville MA",Great River Road,335,HEALEY,301,335,42.395537,-71.080048,0.94,nearest_rooftop_match,333 Great River Rd,,"Somerville, MA 02145",,333,Great River Rd,,,Somerville,MA,,Middlesex County,02145,US,,"Office of Geographic Information (MassGIS), Commonwealth of Massachusetts, MassIT",gcod_usngmhpagngjbe266mvn7783lp3e8,building_centroid
"1 Heath Street, Somerville MA",Heath Street,1,HEALEY,1,199,42.393861,-71.09268,0.94,nearest_rooftop_match,3 Heath St,,"Somerville, MA 02145",,3,Heath St,,,Somerville,MA,,Middlesex County,02145,US,,"Office of Geographic Information (MassGIS), Commonwealth of Massachusetts, MassIT",gcod_usntgfyzm39x7u857pg252el7deg8,building_centroid
"34 Heath Street, Somerville MA",Heath Street,34,HEALEY,1,199,42.39417,-71.094073,1,rooftop,34 Heath St,,"Somerville, MA 02145",,34,Heath St,,,Somerville,MA,,Middlesex County,02145,US,,"Office of Geographic Information (MassGIS), Commonwealth of Massachusetts, MassIT",gcod_usntgfyzm39x7u85xax648cbm73l5,building_centroid
"67 Heath Street, Somerville MA",Heath Street,67,HEALEY,1,199,42.395125,-71.095197,1,rooftop,67 Heath St,,"Somerville, MA 02145",,67,Heath St,,,Somerville,MA,,Middlesex County,02145,US,,"Office of Geographic Information (MassGIS), Commonwealth of Massachusetts, MassIT",gcod_usntgfyzm39x7u857596sge7fj59e,building_centroid
"100 Heath Street, Somerville MA",Heath Street,100,HEALEY,1,199,42.395559,-71.096736,1,rooftop,100 Heath St,,"Somerville, MA 02145",,100,Heath St,,,Somerville,MA,,Middlesex County,02145,US,,"Office of Geographic Information (MassGIS), Commonwealth of Massachusetts, MassIT",gcod_usntgfyzm39x7u85nsv8he8gsjsdd,building_centroid
"133 Heath Street, Somerville MA",Heath Street,133,HEALEY,1,199,42.396684,-71.09789,1,rooftop,133 Heath St,,"Somerville, MA 02145",,133,Heath St,,,Somerville,MA,,Middlesex County,02145,US,,"Office of Geographic Information (MassGIS), Commonwealth of Massachusetts, MassIT",gcod_usntgfyzm39x7u856ysflrtk2yq2g,building_centroid
"166 Heath Street, Somerville MA",Heath Street,166,HEALEY,1,199,42.396525,-71.097725,1,range_interpolation,166 Heath St,,"Somerville, MA 02145",,166,Heath St,,,Somerville,MA,,Middlesex County,02145,US,,TIGER/Line® from the US Census Bureau,gcod_usntgfyzm39x7u85cl6qcvmhjlnf7,
"199 Heath Street, Somerville MA",Heath Street,199,HEALEY,1,199,42.396684,-71.09789,0.83,nearest_rooftop_match,133 Heath St,,"Somerville, MA 02145",,133,Heath St,,,Somerville,MA,,Middlesex County,02145,US,,"Office of Geographic Information (MassGIS), Commonwealth of Massachusetts, MassIT",gcod_usntgfyzm39x7u856ysflrtk2yq2g,building_centroid
"1 Jaques Street, Somerville MA",Jaques Street,1,HEALEY,1,199,42.392189,-71.088927,0.94,nearest_rooftop_match,3 Jaques St,,"Somerville, MA 02145",,3,Jaques St,,,Somerville,MA,,Middlesex County,02145,US,,"Office of Geographic Information (MassGIS), Commonwealth of Massachusetts, MassIT",gcod_usnqsh5pyekce6qeradkswhf5wh8a,building_centroid
"34 Jaques Street, Somerville MA",Jaques Street,34,HEALEY,1,199,42.393522,-71.090683,1,range_interpolation,34 Jaques St,,"Somerville, MA 02145",,34,Jaques St,,,Somerville,MA,,Middlesex County,02145,US,,TIGER/Line® from the US Census Bureau,gcod_usnqsh5pyekce6qe398v3euqgapah,
"67 Jaques Street, Somerville MA",Jaques Street,67,HEALEY,1,199,42.394703,-71.092406,1,rooftop,67 Jaques St,,"Somerville, MA 02145",,67,Jaques St,,,Somerville,MA,,Middlesex County,02145,US,,"Office of Geographic Information (MassGIS), Commonwealth of Massachusetts, MassIT",gcod_usnqsh5pyekce6qe6xve5vxa3hh58,building_centroid
"100 Jaques Street, Somerville MA",Jaques Street,100,HEALEY,1,199,42.395267,-71.0942,1,rooftop,100 Jaques St,,"Somerville, MA 02145",,100,Jaques St,,,Somerville,MA,,Middlesex County,02145,US,,"Office of Geographic Information (MassGIS), Commonwealth of Massachusetts, MassIT",gcod_usnqsh5pyekce6qeu85g955p4sscg,building_centroid
"133 Jaques Street, Somerville MA",Jaques Street,133,HEALEY,1,199,42.395922,-71.0955,1,range_interpolation,133 Jaques St,,"Somerville, MA 02145",,133,Jaques St,,,Somerville,MA,,Middlesex County,02145,US,,TIGER/Line® from the US Census Bureau,gcod_usnqsh5pyekce6qe93smq4j6jyx46,
"166 Jaques Street, Somerville MA",Jaques Street,166,HEALEY,1,199,42.39647,-71.095853,1,range_interpolation,166 Jaques St,,"Somerville, MA 02145",,166,Jaques St,,,Somerville,MA,,Middlesex County,02145,US,,TIGER/Line® from the US Census Bureau,gcod_usnqsh5pyekce6qezwfcbtc5rn2e3,
"199 Jaques Street, Somerville MA",Jaques Street,199,HEALEY,1,199,42.396461,-71.096465,0.86,nearest_rooftop_match,160 Jaques St,,"Somerville, MA 02145",,160,Jaques St,,,Somerville,MA,,Middlesex County,02145,US,,"Office of Geographic Information (MassGIS), Commonwealth of Massachusetts, MassIT",gcod_usnqsh5pyekce6qezw75b7c2wjnag,building_centroid
"1 Langmaid Avenue, Somerville MA",Langmaid Avenue,1,HEALEY,1,99,42.39343,-71.093937,0.89,nearest_rooftop_match,4 Langmaid Ave,,"Somerville, MA 02145",,4,Langmaid Ave,,,Somerville,MA,,Middlesex County,02145,US,,"Office of Geographic Information (MassGIS), Commonwealth of Massachusetts, MassIT",gcod_usnb3tzxvdygegh9z8ybv3299h8v8,building_centroid
"26 Langmaid Avenue, Somerville MA",Langmaid Avenue,26,HEALEY,1,99,42.393168,-71.093757,1,range_interpolation,26 Langmaid Ave,,"Somerville, MA 02145",,26,Langmaid Ave,,,Somerville,MA,,Middlesex County,02145,US,,TIGER/Line® from the US Census Bureau,gcod_usnb3tzxvdygegh9x486ksbkvpkbe,
"50 Langmaid Avenue, Somerville MA",Langmaid Avenue,50,HEALEY,1,99,42.393394,-71.093562,1,range_interpolation,50 Langmaid Ave,,"Somerville, MA 02145",,50,Langmaid Ave,,,Somerville,MA,,Middlesex County,02145,US,,TIGER/Line® from the US Census Bureau,gcod_usnb3tzxvdygegh9ml77gs3mgedn9,
"74 Langmaid Avenue, Somerville MA",Langmaid Avenue,74,HEALEY,1,99,42.39362,-71.093367,1,range_interpolation,74 Langmaid Ave,,"Somerville, MA 02145",,74,Langmaid Ave,,,Somerville,MA,,Middlesex County,02145,US,,TIGER/Line® from the US Census Bureau,gcod_usnb3tzxvdygegh9anls5jz6sfsma,
"99 Langmaid Avenue, Somerville MA",Langmaid Avenue,99,HEALEY,1,99,42.393618,-71.093347,0.82,nearest_rooftop_match,21 Langmaid Ave,,"Somerville, MA 02145",,21,Langmaid Ave,,,Somerville,MA,,Middlesex County,02145,US,,"Office of Geographic Information (MassGIS), Commonwealth of Massachusetts, MassIT",gcod_usnb3tzxvdygegh9agvpfba8f6tth,building_centroid
"1 Main Street, Somerville MA",Main Street,1,HEALEY,1,99,42.395009,-71.097393,1,rooftop,1 Main St,,"Somerville, MA 02145",,1,Main St,,,Somerville,MA,,Middlesex County,02145,US,,"Office of Geographic Information (MassGIS), Commonwealth of Massachusetts, MassIT",gcod_usnblfb227g55r94d8shy2vc9vgw9,building_centroid
"26 Main Street, Somerville MA",Main Street,26,HEALEY,1,99,42.395942,-71.098048,1,rooftop,26 Main St,,"Somerville, MA 02145",,26,Main St,,,Somerville,MA,,Middlesex County,02145,US,,"Office of Geographic Information (MassGIS), Commonwealth of Massachusetts, MassIT",gcod_usnblfb227g55r94mdzke63zy79s7,building_centroid
"50 Main Street, Somerville MA",Main Street,50,HEALEY,1,99,42.396713,-71.098841,1,rooftop,50 Main St,,"Somerville, MA 02145",,50,Main St,,,Somerville,MA,,Middlesex County,02145,US,,"Office of Geographic Information (MassGIS), Commonwealth of Massachusetts, MassIT",gcod_usnblfb227g55r94xz9nh64k2uj59,building_centroid
"74 Main Street, Somerville MA",Main Street,74,HEALEY,1,99,42.396757,-71.098949,1,range_interpolation,74 Main St,,"Somerville, MA 02145",,74,Main St,,,Somerville,MA,,Middlesex County,02145,US,,TIGER/Line® from the US Census Bureau,gcod_usnblfb227g55r945y3kyqh475jrc,
"99 Main Street, Somerville MA",Main Street,99,HEALEY,1,99,42.397121,-71.099608,1,range_interpolation,99 Main St,,"Somerville, MA 02145",,99,Main St,,,Somerville,MA,,Middlesex County,02145,US,,TIGER/Line® from the US Census Bureau,gcod_usnblfb227g55r94kttpcdafa6nad,
"1 Meacham Street, Somerville MA",Meacham Street,1,HEALEY,1,99,42.39753,-71.09536,0.91,nearest_rooftop_match,5 Meacham St,,"Somerville, MA 02145",,5,Meacham St,,,Somerville,MA,,Middlesex County,02145,US,,"Office of Geographic Information (MassGIS), Commonwealth of Massachusetts, MassIT",gcod_usn96w5gtg7b7pa8kszntu9guala3,building_centroid
"26 Meacham Street, Somerville MA",Meacham Street,26,HEALEY,1,99,42.397728,-71.097052,1,rooftop,26 Meacham St,,"Somerville, MA 02145",,26,Meacham St,,,Somerville,MA,,Middlesex County,02145,US,,"Office of Geographic Information (MassGIS), Commonwealth of Massachusetts, MassIT",gcod_usn96w5gtg7b7pa8xy8xt7hh6ndf8,building_centroid
"50 Meacham Street, Somerville MA",Meacham Street,50,HEALEY,1,99,42.398147,-71.097253,1,range_interpolation,50 Meacham St,,"Somerville, MA 02145",,50,Meacham St,,,Somerville,MA,,Middlesex County,02145,US,,TIGER/Line® from the US Census Bureau,gcod_usn96w5gtg7b7pa8dd3u58m4qnwq7,
"74 Meacham Street, Somerville MA",Meacham Street,74,HEALEY,1,99,42.398291,-71.097555,1,range_interpolation,74 Meacham St,,"Somerville, MA 02145",,74,Meacham St,,,Somerville,MA,,Middlesex County,02145,US,,TIGER/Line® from the US Census Bureau,gcod_usn96w5gtg7b7pa8vr2xc266cx4d2,
"1 Melville Road, Somerville MA",Melville Road,1,HEALEY,1,99,42.39829,-71.086163,0.89,nearest_rooftop_match,11 Melville Rd,,"Somerville, MA 02145",,11,Melville Rd,,,Somerville,MA,,Middlesex County,02145,US,,"Office of Geographic Information (MassGIS), Commonwealth of Massachusetts, MassIT",gcod_usnlujq5nsypzul5pan6kvygbh299,building_centroid
"26 Melville Road, Somerville MA",Melville Road,26,HEALEY,1,99,42.398207,-71.086398,1,range_interpolation,26 Melville Rd,,"Somerville, MA 02145",,26,Melville Rd,,,Somerville,MA,,Middlesex County,02145,US,,TIGER/Line® from the US Census Bureau,gcod_usnlujq5nsypzul57e5zs43g4ngsf,
"50 Melville Road, Somerville MA",Melville Road,50,HEALEY,1,99,42.398362,-71.086193,1,range_interpolation,50 Melville Rd,,"Somerville, MA 02145",,50,Melville Rd,,,Somerville,MA,,Middlesex County,02145,US,,TIGER/Line® from the US Census Bureau,gcod_usnlujq5nsypzul549llw8kcw6yn8,
"74 Melville Road, Somerville MA",Melville Road,74,HEALEY,1,99,42.398517,-71.085987,1,range_interpolation,74 Melville Rd,,"Somerville, MA 02145",,74,Melville Rd,,,Somerville,MA,,Middlesex County,02145,US,,TIGER/Line® from the US Census Bureau,gcod_usnlujq5nsypzul5pxk4cwvwc4bx2,
"99 Melville Road, Somerville MA",Melville Road,99,HEALEY,1,99,42.398399,-71.086052,0.82,nearest_rooftop_match,17 Melville Rd,,"Somerville, MA 02145",,17,Melville Rd,,,Somerville,MA,,Middlesex County,02145,US,,"Office of Geographic Information (MassGIS), Commonwealth of Massachusetts, MassIT",gcod_usnlujq5nsypzul57qvg39b3g2n2b,building_centroid
"1 Memorial Road, Somerville MA",Memorial Road,1,HEALEY,1,99,42.395673,-71.091415,1,rooftop,1 Memorial Rd,,"Somerville, MA 02145",,1,Memorial Rd,,,Somerville,MA,,Middlesex County,02145,US,,"Office of Geographic Information (MassGIS), Commonwealth of Massachusetts, MassIT",gcod_usngs3p9uvzrqe7bvabxlm773yw5d,building_centroid
"26 Memorial Road, Somerville MA",Memorial Road,26,HEALEY,1,99,42.395836,-71.091706,1,range_interpolation,26 Memorial Rd,,"Somerville, MA 02145",,26,Memorial Rd,,,Somerville,MA,,Middlesex County,02145,US,,TIGER/Line® from the US Census Bureau,gcod_usngs3p9uvzrqe7b44uft5ly3wnk5,
"50 Memorial Road, Somerville MA",Memorial Road,50,HEALEY,1,99,42.39611,-71.09328,1,rooftop,50 Memorial Rd,,"Somerville, MA 02145",,50,Memorial Rd,,,Somerville,MA,,Middlesex County,02145,US,,"Office of Geographic Information (MassGIS), Commonwealth of Massachusetts, MassIT",gcod_usngs3p9uvzrqe7b6xacwf4f8zrk9,building_centroid
"74 Memorial Road, Somerville MA",Memorial Road,74,HEALEY,1,99,42.396547,-71.092637,1,range_interpolation,74 Memorial Rd,,"Somerville, MA 02145",,74,Memorial Rd,,,Somerville,MA,,Middlesex County,02145,US,,TIGER/Line® from the US Census Bureau,gcod_usngs3p9uvzrqe7bn42d4zs7ysyd9,
"99 Memorial Road, Somerville MA",Memorial Road,99,HEALEY,1,99,42.396939,-71.092426,0.85,nearest_rooftop_match,45 Memorial Rd,,"Somerville, MA 02145",,45,Memorial Rd,,,Somerville,MA,,Middlesex County,02145,US,,"Office of Geographic Information (MassGIS), Commonwealth of Massachusetts, MassIT",gcod_usngs3p9uvzrqe7b4576rvr2zm4sf,building_centroid
"1 Moreland Street, Somerville MA",Moreland Street,1,HEALEY,1,199,42.396464,-71.098168,0.89,nearest_rooftop_match,7 Moreland St,,"Somerville, MA 02145",,7,Moreland St,,,Somerville,MA,,Middlesex County,02145,US,,"Office of Geographic Information (MassGIS), Commonwealth of Massachusetts, MassIT",gcod_usnqjfsle9fn3vdds73vlus8cv6ug,building_centroid
"34 Moreland Street, Somerville MA",Moreland Street,34,HEALEY,1,199,42.397331,-71.097876,1,rooftop,34 Moreland St,,"Somerville, MA 02145",,34,Moreland St,,,Somerville,MA,,Middlesex County,02145,US,,"Office of Geographic Information (MassGIS), Commonwealth of Massachusetts, MassIT",gcod_usnqjfsle9fn3vddmfjr8s992ejd9,building_centroid
"67 Moreland Street, Somerville MA",Moreland Street,67,HEALEY,1,199,42.398159,-71.096673,1,rooftop,67 Moreland St,,"Somerville, MA 02145",,67,Moreland St,,,Somerville,MA,,Middlesex County,02145,US,,"Office of Geographic Information (MassGIS), Commonwealth of Massachusetts, MassIT",gcod_usnqjfsle9fn3vdd53wkey2tnem9g,building_centroid
"100 Moreland Street, Somerville MA",Moreland Street,100,HEALEY,1,199,42.39922,-71.096157,0.94,nearest_rooftop_match,98 Moreland St,,"Somerville, MA 02145",,98,Moreland St,,,Somerville,MA,,Middlesex County,02145,US,,"Office of Geographic Information (MassGIS), Commonwealth of Massachusetts, MassIT",gcod_usnqjfsle9fn3vdd4qym5ehv8exn6,building_centroid
"133 Moreland Street, Somerville MA",Moreland Street,133,HEALEY,1,199,42.399512,-71.095801,1,range_interpolation,133 Moreland St,,"Somerville, MA 02145",,133,Moreland St,,,Somerville,MA,,Middlesex County,02145,US,,TIGER/Line® from the US Census Bureau,gcod_usnqjfsle9fn3vdda8m2meuwdkhf5,
"166 Moreland Street, Somerville MA",Moreland Street,166,HEALEY,1,199,42.399478,-71.095421,1,range_interpolation,166 Moreland St,,"Somerville, MA 02145",,166,Moreland St,,,Somerville,MA,,Middlesex County,02145,US,,TIGER/Line® from the US Census Bureau,gcod_usnqjfsle9fn3vddeuah2qev87rm5,
"199 Moreland Street, Somerville MA",Moreland Street,199,HEALEY,1,199,42.399485,-71.095398,0.82,nearest_rooftop_match,113 Moreland St,,"Somerville, MA 02145",,113,Moreland St,,,Somerville,MA,,Middlesex County,02145,US,,"Office of Geographic Information (MassGIS), Commonwealth of Massachusetts, MassIT",gcod_usnqjfsle9fn3vddu9lzjds8g7zj2,building_centroid
"1 Puritan Road, Somerville MA",Puritan Road,1,HEALEY,1,199,42.396118,-71.085954,0.89,nearest_rooftop_match,11 Puritan Rd,,"Somerville, MA 02145",,11,Puritan Rd,,,Somerville,MA,,Middlesex County,02145,US,,"Office of Geographic Information (MassGIS), Commonwealth of Massachusetts, MassIT",gcod_usnasnlby4wbs428dbqqev5bhe4n9,building_centroid
"34 Puritan Road, Somerville MA",Puritan Road,34,HEALEY,1,199,42.396344,-71.086857,1,rooftop,34 Puritan Rd,,"Somerville, MA 02145",,34,Puritan Rd,,,Somerville,MA,,Middlesex County,02145,US,,"Office of Geographic Information (MassGIS), Commonwealth of Massachusetts, MassIT",gcod_usnasnlby4wbs4285zdl8msqkcsfc,building_centroid
"67 Puritan Road, Somerville MA",Puritan Road,67,HEALEY,1,199,42.397359,-71.087556,1,rooftop,67 Puritan Rd,,"Somerville, MA 02145",,67,Puritan Rd,,,Somerville,MA,,Middlesex County,02145,US,,"Office of Geographic Information (MassGIS), Commonwealth of Massachusetts, MassIT",gcod_usnasnlby4wbs428uk4323gx8gzfe,building_centroid
"100 Puritan Road, Somerville MA",Puritan Road,100,HEALEY,1,199,42.397466,-71.087818,1,range_interpolation,100 Puritan Rd,,"Somerville, MA 02145",,100,Puritan Rd,,,Somerville,MA,,Middlesex County,02145,US,,TIGER/Line® from the US Census Bureau,gcod_usnasnlby4wbs42898s6cwneblca8,
"133 Puritan Road, Somerville MA",Puritan Road,133,HEALEY,1,199,42.397556,-71.088441,1,range_interpolation,133 Puritan Rd,,"Somerville, MA 02145",,133,Puritan Rd,,,Somerville,MA,,Middlesex County,02145,US,,TIGER/Line® from the US Census Bureau,gcod_usnasnlby4wbs428m9ycyfgb9s8nc,
"166 Puritan Road, Somerville MA",Puritan Road,166,HEALEY,1,199,42.398125,-71.088703,1,range_interpolation,166 Puritan Rd,,"Somerville, MA 02145",,166,Puritan Rd,,,Somerville,MA,,Middlesex County,02145,US,,TIGER/Line® from the US Census Bureau,gcod_usnasnlby4wbs42892bmwygy2gba8,
"199 Puritan Road, Somerville MA",Puritan Road,199,HEALEY,1,199,42.398202,-71.088733,0.81,nearest_rooftop_match,107 Puritan Rd,,"Somerville, MA 02145",,107,Puritan Rd,,,Somerville,MA,,Middlesex County,02145,US,,"Office of Geographic Information (MassGIS), Commonwealth of Massachusetts, MassIT",gcod_usnasnlby4wbs4283pwdwy5u9dlj5,building_centroid
"1 Putnam Road, Somerville MA",Putnam Road,1,HEALEY,1,99,42.396428,-71.085805,0.89,nearest_rooftop_match,6 Putnam Rd,,"Somerville, MA 02145",,6,Putnam Rd,,,Somerville,MA,,Middlesex County,02145,US,,"Office of Geographic Information (MassGIS), Commonwealth of Massachusetts, MassIT",gcod_usngzawhn5d382jhx4r39zxt63ljh,building_centroid
"26 Putnam Road, Somerville MA",Putnam Road,26,HEALEY,1,99,42.396868,-71.086391,1,rooftop,26 Putnam Rd,,"Somerville, MA 02145",,26,Putnam Rd,,,Somerville,MA,,Middlesex County,02145,US,,"Office of Geographic Information (MassGIS), Commonwealth of Massachusetts, MassIT",gcod_usngzawhn5d382jh6spaqhlc9uyg9,building_centroid
"50 Putnam Road, Somerville MA",Putnam Road,50,HEALEY,1,99,42.397462,-71.087187,1,rooftop,50 Putnam Rd,,"Somerville, MA 02145",,50,Putnam Rd,,,Somerville,MA,,Middlesex County,02145,US,,"Office of Geographic Information (MassGIS), Commonwealth of Massachusetts, MassIT",gcod_usngzawhn5d382jhsvtsmjujqyhd8,building_centroid
"74 Putnam Road, Somerville MA",Putnam Road,74,HEALEY,1,99,42.398,-71.087905,1,rooftop,74 Putnam Rd,,"Somerville, MA 02145",,74,Putnam Rd,,,Somerville,MA,,Middlesex County,02145,US,,"Office of Geographic Information (MassGIS), Commonwealth of Massachusetts, MassIT",gcod_usngzawhn5d382jhm9s8qkgfgtutg,building_centroid
"99 Putnam Road, Somerville MA",Putnam Road,99,HEALEY,1,99,42.398424,-71.088436,0.89,nearest_rooftop_match,96 Putnam Rd,,"Somerville, MA 02145",,96,Putnam Rd,,,Somerville,MA,,Middlesex County,02145,US,,"Office of Geographic Information (MassGIS), Commonwealth of Massachusetts, MassIT",gcod_usngzawhn5d382jhg63cgrsse5trg,building_centroid
"1 River Road, Somerville MA",River Road,1,HEALEY,1,99,42.39707,-71.092862,1,range_interpolation,1 River Rd,,"Somerville, MA 02145",,1,River Rd,,,Somerville,MA,,Middlesex County,02145,US,,TIGER/Line® from the US Census Bureau,gcod_usnqlrfkdfvzvnrhtgcgu6nfkr8d6,
"26 River Road, Somerville MA",River Road,26,HEALEY,1,99,42.397529,-71.092919,1,range_interpolation,26 River Rd,,"Somerville, MA 02145",,26,River Rd,,,Somerville,MA,,Middlesex County,02145,US,,TIGER/Line® from the US Census Bureau,gcod_usnqlrfkdfvzvnrhvgflg99r7ycr6,
"50 River Road, Somerville MA",River Road,50,HEALEY,1,99,42.398019,-71.093009,1,rooftop,50 River Rd,,"Somerville, MA 02145",,50,River Rd,,,Somerville,MA,,Middlesex County,02145,US,,"Office of Geographic Information (MassGIS), Commonwealth of Massachusetts, MassIT",gcod_usnqlrfkdfvzvnrhxnrrcjslflhpe,building_centroid
"74 River Road, Somerville MA",River Road,74,HEALEY,1,99,42.398165,-71.093376,1,range_interpolation,74 River Rd,,"Somerville, MA 02145",,74,River Rd,,,Somerville,MA,,Middlesex County,02145,US,,TIGER/Line® from the US Census Bureau,gcod_usnqlrfkdfvzvnrhwnxalzspbepq2,
"99 River Road, Somerville MA",River Road,99,HEALEY,1,99,42.39785,-71.093442,1,range_interpolation,99 River Rd,,"Somerville, MA 02145",,99,River Rd,,,Somerville,MA,,Middlesex County,02145,US,,TIGER/Line® from the US Census Bureau,gcod_usnqlrfkdfvzvnrhznl5eul9rxah7,
"1 Sewall Street, Somerville MA",Sewall Street,1,HEALEY,1,99,42.392546,-71.090838,0.91,nearest_rooftop_match,5 Sewall St,,"Somerville, MA 02145",,5,Sewall St,,,Somerville,MA,,Middlesex County,02145,US,,"Office of Geographic Information (MassGIS), Commonwealth of Massachusetts, MassIT",gcod_usnzlwgpavsterd6k59s3jc3mzwka,building_centroid
"26 Sewall Street, Somerville MA",Sewall Street,26,HEALEY,1,99,42.393119,-71.091601,1,range_interpolation,26 Sewall St,,"Somerville, MA 02145",,26,Sewall St,,,Somerville,MA,,Middlesex County,02145,US,,TIGER/Line® from the US Census Bureau,gcod_usnzlwgpavsterd6vcn57rshfb8ub,
"50 Sewall Street, Somerville MA",Sewall Street,50,HEALEY,1,99,42.393325,-71.091879,1,range_interpolation,50 Sewall St,,"Somerville, MA 02145",,50,Sewall St,,,Somerville,MA,,Middlesex County,02145,US,,TIGER/Line® from the US Census Bureau,gcod_usnzlwgpavsterd6j2eu6wckz2x69,
"74 Sewall Street, Somerville MA",Sewall Street,74,HEALEY,1,99,42.393527,-71.092172,1,range_interpolation,74 Sewall St,,"Somerville, MA 02145",,74,Sewall St,,,Somerville,MA,,Middlesex County,02145,US,,TIGER/Line® from the US Census Bureau,gcod_usnzlwgpavsterd6ltua99g88wva4,
"99 Sewall Street, Somerville MA",Sewall Street,99,HEALEY,1,99,42.393587,-71.092159,0.85,nearest_rooftop_match,47 Sewall St,,"Somerville, MA 02145",,47,Sewall St,,,Somerville,MA,,Middlesex County,02145,US,,"Office of Geographic Information (MassGIS), Commonwealth of Massachusetts, MassIT",gcod_usnzlwgpavsterd6j8r26tlmre22b,building_centroid
"1 Shore Drive, Somerville MA",Shore Drive,1,HEALEY,1,199,42.397802,-71.090098,0.88,nearest_rooftop_match,27 Shore Dr,,"Somerville, MA 02145",,27,Shore Dr,,,Somerville,MA,,Middlesex County,02145,US,,"Office of Geographic Information (MassGIS), Commonwealth of Massachusetts, MassIT",gcod_usnc7rbhz7txtkadruxmebcklpd57,building_centroid
"34 Shore Drive, Somerville MA",Shore Drive,34,HEALEY,1,199,42.397851,-71.089986,1,range_interpolation,34 Shore Dr,,"Somerville, MA 02145",,34,Shore Dr,,,Somerville,MA,,Middlesex County,02145,US,,TIGER/Line® from the US Census Bureau,gcod_usnc7rbhz7txtkad8wtk4uvvl4tp4,
"67 Shore Drive, Somerville MA",Shore Drive,67,HEALEY,1,199,42.398888,-71.088459,1,range_interpolation,67 Shore Dr,,"Somerville, MA 02145",,67,Shore Dr,,,Somerville,MA,,Middlesex County,02145,US,,TIGER/Line® from the US Census Bureau,gcod_usnc7rbhz7txtkadgkv66w8vx8uva,
"100 Shore Drive, Somerville MA",Shore Drive,100,HEALEY,1,199,42.399083,-71.086767,1,range_interpolation,100 Shore Dr,,"Somerville, MA 02145",,100,Shore Dr,,,Somerville,MA,,Middlesex County,02145,US,,TIGER/Line® from the US Census Bureau,gcod_usnc7rbhz7txtkadyfz3ugknczmj5,
"133 Shore Drive, Somerville MA",Shore Drive,133,HEALEY,1,199,42.398453,-71.085627,1,rooftop,133 Shore Dr,,"Somerville, MA 02145",,133,Shore Dr,,,Somerville,MA,,Middlesex County,02145,US,,"Office of Geographic Information (MassGIS), Commonwealth of Massachusetts, MassIT",gcod_usnc7rbhz7txtkadql7r7acn3yzn9,building_centroid
"166 Shore Drive, Somerville MA",Shore Drive,166,HEALEY,1,199,42.397845,-71.084813,1,range_interpolation,166 Shore Dr,,"Somerville, MA 02145",,166,Shore Dr,,,Somerville,MA,,Middlesex County,02145,US,,TIGER/Line® from the US Census Bureau,gcod_usnc7rbhz7txtkad2vulhwjdnygfe,
"199 Shore Drive, Somerville MA",Shore Drive,199,HEALEY,1,199,42.398055,-71.084914,0.85,nearest_rooftop_match,149 Shore Dr,,"Somerville, MA 02145",,149,Shore Dr,,,Somerville,MA,,Middlesex County,02145,US,,"Office of Geographic Information (MassGIS), Commonwealth of Massachusetts, MassIT",gcod_usnc7rbhz7txtkade2yn8ulh4b3xh,building_centroid
"1 Snow Terrace, Somerville MA",Snow Terrace,1,HEALEY,1,99,42.394772,-71.093479,1,rooftop,1 Snow Ter,,"Somerville, MA 02145",,1,Snow Ter,,,Somerville,MA,,Middlesex County,02145,US,,"Office of Geographic Information (MassGIS), Commonwealth of Massachusetts, MassIT",gcod_usndhvh573clnufaunvystgynbsz2,building_centroid
"26 Snow Terrace, Somerville MA",Snow Terrace,26,HEALEY,1,99,42.394594,-71.093306,1,range_interpolation,26 Snow Ter,,"Somerville, MA 02145",,26,Snow Ter,,,Somerville,MA,,Middlesex County,02145,US,,TIGER/Line® from the US Census Bureau,gcod_usndhvh573clnufarw7j8u8vw3jf7,
"50 Snow Terrace, Somerville MA",Snow Terrace,50,HEALEY,1,99,42.394671,-71.093235,1,range_interpolation,50 Snow Ter,,"Somerville, MA 02145",,50,Snow Ter,,,Somerville,MA,,Middlesex County,02145,US,,TIGER/Line® from the US Census Bureau,gcod_usndhvh573clnufajvj79slsbrucf,
"74 Snow Terrace, Somerville MA",Snow Terrace,74,HEALEY,1,99,42.394747,-71.093164,1,range_interpolation,74 Snow Ter,,"Somerville, MA 02145",,74,Snow Ter,,,Somerville,MA,,Middlesex County,02145,US,,TIGER/Line® from the US Census Bureau,gcod_usndhvh573clnufamgmbwtsz6ese8,
"99 Snow Terrace, Somerville MA",Snow Terrace,99,HEALEY,1,99,42.394926,-71.093203,1,range_interpolation,99 Snow Ter,,"Somerville, MA 02145",,99,Snow Ter,,,Somerville,MA,,Middlesex County,02145,US,,TIGER/Line® from the US Census Bureau,gcod_usndhvh573clnufax89bmjfqz39b3,
"1 Sydney Street, Somerville MA",Sydney Street,1,HEALEY,1,99,42.393975,-71.089088,0.87,nearest_rooftop_match,24 Sydney St,,"Somerville, MA 02145",,24,Sydney St,,,Somerville,MA,,Middlesex County,02145,US,,"Office of Geographic Information (MassGIS), Commonwealth of Massachusetts, MassIT",gcod_usn5scst8v8dd984bu8hng6syjnph,building_centroid
"26 Sydney Street, Somerville MA",Sydney Street,26,HEALEY,1,99,42.393975,-71.089088,1,rooftop,26 Sydney St,,"Somerville, MA 02145",,26,Sydney St,,,Somerville,MA,,Middlesex County,02145,US,,"Office of Geographic Information (MassGIS), Commonwealth of Massachusetts, MassIT",gcod_usn5scst8v8dd984q4alup4jrywya,building_centroid
"50 Sydney Street, Somerville MA",Sydney Street,50,HEALEY,1,99,42.394509,-71.089803,1,rooftop,50 Sydney St,,"Somerville, MA 02145",,50,Sydney St,,,Somerville,MA,,Middlesex County,02145,US,,"Office of Geographic Information (MassGIS), Commonwealth of Massachusetts, MassIT",gcod_usn5scst8v8dd984xycl6u5rsvra8,building_centroid
"74 Sydney Street, Somerville MA",Sydney Street,74,HEALEY,1,99,42.395063,-71.090054,1,range_interpolation,74 Sydney St,,"Somerville, MA 02145",,74,Sydney St,,,Somerville,MA,,Middlesex County,02145,US,,TIGER/Line® from the US Census Bureau,gcod_usn5scst8v8dd984pbse44tncvr5f,
"99 Sydney Street, Somerville MA",Sydney Street,99,HEALEY,1,99,42.394999,-71.090556,0.87,nearest_rooftop_match,68 Sydney St,,"Somerville, MA 02145",,68,Sydney St,,,Somerville,MA,,Middlesex County,02145,US,,"Office of Geographic Information (MassGIS), Commonwealth of Massachusetts, MassIT",gcod_usn5scst8v8dd984szvx5nwgd8t3c,building_centroid
"1 Taylor Street, Somerville MA",Taylor Street,1,HEALEY,1,99,42.394545,-71.089023,0.89,nearest_rooftop_match,7 Taylor St,,"Somerville, MA 02145",,7,Taylor St,,,Somerville,MA,,Middlesex County,02145,US,,"Office of Geographic Information (MassGIS), Commonwealth of Massachusetts, MassIT",gcod_usnzltgvmbl686tbv68uutd8nvyu8,building_centroid
"26 Taylor Street, Somerville MA",Taylor Street,26,HEALEY,1,99,42.3945,-71.089128,1,range_interpolation,26 Taylor St,,"Somerville, MA 02145",,26,Taylor St,,,Somerville,MA,,Middlesex County,02145,US,,TIGER/Line® from the US Census Bureau,gcod_usnzltgvmbl686tbkdts3unk2yjga,
"50 Taylor Street, Somerville MA",Taylor Street,50,HEALEY,1,99,42.394668,-71.088887,1,range_interpolation,50 Taylor St,,"Somerville, MA 02145",,50,Taylor St,,,Somerville,MA,,Middlesex County,02145,US,,TIGER/Line® from the US Census Bureau,gcod_usnzltgvmbl686tbq5ppdf4pz4aed,
"74 Taylor Street, Somerville MA",Taylor Street,74,HEALEY,1,99,42.39484,-71.088647,1,range_interpolation,74 Taylor St,,"Somerville, MA 02145",,74,Taylor St,,,Somerville,MA,,Middlesex County,02145,US,,TIGER/Line® from the US Census Bureau,gcod_usnzltgvmbl686tbpkahfzber6k9d,
"99 Taylor Street, Somerville MA",Taylor Street,99,HEALEY,1,99,42.381896,-71.104296,0.88,range_interpolation,99 Tyler Ct,,"Somerville, MA 02143",,99,Tyler Ct,,,Somerville,MA,,Middlesex County,02143,US,,TIGER/Line® from the US Census Bureau,gcod_usn36265syrxujaewktnjkuuaa2y9,
"1 Temple Road, Somerville MA",Temple Road,1,HEALEY,1,199,42.393042,-71.092596,0.84,nearest_rooftop_match,15 Temple St,,"Somerville, MA 02145",,15,Temple St,,,Somerville,MA,,Middlesex County,02145,US,,"Office of Geographic Information (MassGIS), Commonwealth of Massachusetts, MassIT",gcod_usnk56xjlqkfm779uz3v4kgpxlqmc,building_centroid
"34 Temple Road, Somerville MA",Temple Road,34,HEALEY,1,199,42.397719,-71.085867,1,range_interpolation,34 Temple Rd,,"Somerville, MA 02145",,34,Temple Rd,,,Somerville,MA,,Middlesex County,02145,US,,TIGER/Line® from the US Census Bureau,gcod_usnb2zpts3bt2rjhtmrgga82jgrv6,
"67 Temple Road, Somerville MA",Temple Road,67,HEALEY,1,199,42.398074,-71.085892,1,range_interpolation,67 Temple Rd,,"Somerville, MA 02145",,67,Temple Rd,,,Somerville,MA,,Middlesex County,02145,US,,TIGER/Line® from the US Census Bureau,gcod_usnb2zpts3bt2rjhbty5vd254ar49,
"100 Temple Road, Somerville MA",Temple Road,100,HEALEY,1,199,42.398271,-71.085716,1,rooftop,100 Temple Rd,,"Somerville, MA 02145",,100,Temple Rd,,,Somerville,MA,,Middlesex County,02145,US,,"Office of Geographic Information (MassGIS), Commonwealth of Massachusetts, MassIT",gcod_usnb2zpts3bt2rjht9d3dn7bq4d6h,building_centroid
"133 Temple Road, Somerville MA",Temple Road,133,HEALEY,1,199,42.398306,-71.085579,1,range_interpolation,133 Temple Rd,,"Somerville, MA 02145",,133,Temple Rd,,,Somerville,MA,,Middlesex County,02145,US,,TIGER/Line® from the US Census Bureau,gcod_usnb2zpts3bt2rjh9b6exf2mmqms8,
"166 Temple Road, Somerville MA",Temple Road,166,HEALEY,1,199,42.398179,-71.085247,1,range_interpolation,166 Temple Rd,,"Somerville, MA 02145",,166,Temple Rd,,,Somerville,MA,,Middlesex County,02145,US,,TIGER/Line® from the US Census Bureau,gcod_usnb2zpts3bt2rjhnst2hl46z8lr3,
"1 Temple Street, Somerville MA",Temple Street,1,HEALEY,1,199,42.393042,-71.092596,0.89,nearest_rooftop_match,15 Temple St,,"Somerville, MA 02145",,15,Temple St,,,Somerville,MA,,Middlesex County,02145,US,,"Office of Geographic Information (MassGIS), Commonwealth of Massachusetts, MassIT",gcod_usnk56xjlqkfm779uz3v4kgpxlqmc,building_centroid
"34 Temple Street, Somerville MA",Temple Street,34,HEALEY,1,199,42.397719,-71.085867,0.95,range_interpolation,34 Temple Rd,,"Somerville, MA 02145",,34,Temple Rd,,,Somerville,MA,,Middlesex County,02145,US,,TIGER/Line® from the US Census Bureau,gcod_usnb2zpts3bt2rjhtmrgga82jgrv6,
"67 Temple Street, Somerville MA",Temple Street,67,HEALEY,1,199,42.394756,-71.091473,1,rooftop,67 Temple St,,"Somerville, MA 02145",,67,Temple St,,,Somerville,MA,,Middlesex County,02145,US,,"Office of Geographic Information (MassGIS), Commonwealth of Massachusetts, MassIT",gcod_usnk56xjlqkfm779gb8486g82yaya,building_centroid
"100 Temple Street, Somerville MA",Temple Street,100,HEALEY,1,199,42.39563,-71.090579,1,rooftop,100 Temple St,,"Somerville, MA 02145",,100,Temple St,,,Somerville,MA,,Middlesex County,02145,US,,"Office of Geographic Information (MassGIS), Commonwealth of Massachusetts, MassIT",gcod_usnk56xjlqkfm779kn4qdebvl3bj8,building_centroid
"133 Temple Street, Somerville MA",Temple Street,133,HEALEY,1,199,42.395545,-71.090104,1,range_interpolation,133 Temple St,,"Somerville, MA 02145",,133,Temple St,,,Somerville,MA,,Middlesex County,02145,US,,TIGER/Line® from the US Census Bureau,gcod_usnk56xjlqkfm779kcepdryjzpjc2,
"166 Temple Street, Somerville MA",Temple Street,166,HEALEY,1,199,42.395334,-71.089559,1,range_interpolation,166 Temple St,,"Somerville, MA 02145",,166,Temple St,,,Somerville,MA,,Middlesex County,02145,US,,TIGER/Line® from the US Census Bureau,gcod_usnk56xjlqkfm779trjy8jd2fhpd4,
"199 Temple Street, Somerville MA",Temple Street,199,HEALEY,1,199,42.395333,-71.089463,0.82,nearest_rooftop_match,123 Temple St,,"Somerville, MA 02145",,123,Temple St,,,Somerville,MA,,Middlesex County,02145,US,,"Office of Geographic Information (MassGIS), Commonwealth of Massachusetts, MassIT",gcod_usnk56xjlqkfm779pxlur9p9vp598,building_centroid
"1 Ten Hills Road, Somerville MA",Ten Hills Road,1,HEALEY,1,199,42.39459,-71.086252,0.89,nearest_rooftop_match,10 10 Hills Rd,,"Somerville, MA 02145",,10,10 Hills Rd,,,Somerville,MA,,Middlesex County,02145,US,,"Office of Geographic Information (MassGIS), Commonwealth of Massachusetts, MassIT",gcod_usnznzdznsjhmgqg69wvulp84j7a5,building_centroid
"34 Ten Hills Road, Somerville MA",Ten Hills Road,34,HEALEY,1,199,42.395524,-71.085895,1,rooftop,34 10 Hills Rd,,"Somerville, MA 02145",,34,10 Hills Rd,,,Somerville,MA,,Middlesex County,02145,US,,"Office of Geographic Information (MassGIS), Commonwealth of Massachusetts, MassIT",gcod_usnznzdznsjhmgqg3ezsht6hl674g,building_centroid
"67 Ten Hills Road, Somerville MA",Ten Hills Road,67,HEALEY,1,199,42.396803,-71.085476,1,range_interpolation,67 10 Hills Rd,,"Somerville, MA 02145",,67,10 Hills Rd,,,Somerville,MA,,Middlesex County,02145,US,,TIGER/Line® from the US Census Bureau,gcod_usnznzdznsjhmgqgwl27b3wyenmjc,
"100 Ten Hills Road, Somerville MA",Ten Hills Road,100,HEALEY,1,199,42.397806,-71.086504,1,rooftop,100 10 Hills Rd,,"Somerville, MA 02145",,100,10 Hills Rd,,,Somerville,MA,,Middlesex County,02145,US,,"Office of Geographic Information (MassGIS), Commonwealth of Massachusetts, MassIT",gcod_usnznzdznsjhmgqgfn96bwj2breu4,building_centroid
"133 Ten Hills Road, Somerville MA",Ten Hills Road,133,HEALEY,1,199,42.398962,-71.087433,1,rooftop,133 10 Hills Rd,,"Somerville, MA 02145",,133,10 Hills Rd,,,Somerville,MA,,Middlesex County,02145,US,,"Office of Geographic Information (MassGIS), Commonwealth of Massachusetts, MassIT",gcod_usnznzdznsjhmgqgynkpu4dx6ybgg,building_centroid
"166 Ten Hills Road, Somerville MA",Ten Hills Road,166,HEALEY,1,199,42.398938,-71.087488,1,range_interpolation,166 10 Hills Rd,,"Somerville, MA 02145",,166,10 Hills Rd,,,Somerville,MA,,Middlesex County,02145,US,,TIGER/Line® from the US Census Bureau,gcod_usnznzdznsjhmgqgejhv895kjful2,
"199 Ten Hills Road, Somerville MA",Ten Hills Road,199,HEALEY,1,199,42.398962,-71.087433,0.84,nearest_rooftop_match,135 10 Hills Rd,,"Somerville, MA 02145",,135,10 Hills Rd,,,Somerville,MA,,Middlesex County,02145,US,,"Office of Geographic Information (MassGIS), Commonwealth of Massachusetts, MassIT",gcod_usnznzdznsjhmgqgt7jryxewrpb9c,building_centroid
"1 Upland Park, Somerville MA",Upland Park,1,HEALEY,1,99,42.396488,-71.099756,1,range_interpolation,1 Upland Park,,"Somerville, MA 02145",,1,Upland Park,,,Somerville,MA,,Middlesex County,02145,US,,TIGER/Line® from the US Census Bureau,gcod_usn594x2nrjlz2aakbywl6azfcqe5,
"26 Upland Park, Somerville MA",Upland Park,26,HEALEY,1,99,42.396504,-71.099547,1,range_interpolation,26 Upland Park,,"Somerville, MA 02145",,26,Upland Park,,,Somerville,MA,,Middlesex County,02145,US,,TIGER/Line® from the US Census Bureau,gcod_usn594x2nrjlz2aarv53defgj2dk8,
"50 Upland Park, Somerville MA",Upland Park,50,HEALEY,1,99,42.396615,-71.099454,1,range_interpolation,50 Upland Park,,"Somerville, MA 02145",,50,Upland Park,,,Somerville,MA,,Middlesex County,02145,US,,TIGER/Line® from the US Census Bureau,gcod_usn594x2nrjlz2aagufwq2a9vf276,
"74 Upland Park, Somerville MA",Upland Park,74,HEALEY,1,99,42.396727,-71.099361,1,range_interpolation,74 Upland Park,,"Somerville, MA 02145",,74,Upland Park,,,Somerville,MA,,Middlesex County,02145,US,,TIGER/Line® from the US Census Bureau,gcod_usn594x2nrjlz2aae6929k2thhq88,
"99 Upland Park, Somerville MA",Upland Park,99,HEALEY,1,99,42.396903,-71.099338,1,range_interpolation,99 Upland Park,,"Somerville, MA 02145",,99,Upland Park,,,Somerville,MA,,Middlesex County,02145,US,,TIGER/Line® from the US Census Bureau,gcod_usn594x2nrjlz2aasw75wmsjaurs7,
"1 Wheatland Street, Somerville MA",Wheatland Street,1,HEALEY,1,198,42.391577,-71.090201,0.89,nearest_rooftop_match,11 Wheatland St,,"Somerville, MA 02145",,11,Wheatland St,,,Somerville,MA,,Middlesex County,02145,US,,"Office of Geographic Information (MassGIS), Commonwealth of Massachusetts, MassIT",gcod_usnrlkweg54zdwxagrksbjqqtpv3d,building_centroid
"34 Wheatland Street, Somerville MA",Wheatland Street,34,HEALEY,1,198,42.392297,-71.089869,1,rooftop,34 Wheatland St,,"Somerville, MA 02145",,34,Wheatland St,,,Somerville,MA,,Middlesex County,02145,US,,"Office of Geographic Information (MassGIS), Commonwealth of Massachusetts, MassIT",gcod_usnrlkweg54zdwxacgzu2apfccm2f,building_centroid
"67 Wheatland Street, Somerville MA",Wheatland Street,67,HEALEY,1,198,42.392936,-71.088423,1,rooftop,67 Wheatland St,,"Somerville, MA 02145",,67,Wheatland St,,,Somerville,MA,,Middlesex County,02145,US,,"Office of Geographic Information (MassGIS), Commonwealth of Massachusetts, MassIT",gcod_usnrlkweg54zdwxaaebw8agglcp5h,building_centroid
"100 Wheatland Street, Somerville MA",Wheatland Street,100,HEALEY,1,198,42.393869,-71.087725,1,rooftop,100 Wheatland St,,"Somerville, MA 02145",,100,Wheatland St,,,Somerville,MA,,Middlesex County,02145,US,,"Office of Geographic Information (MassGIS), Commonwealth of Massachusetts, MassIT",gcod_usnrlkweg54zdwxaq22pjn5k842s9,building_centroid
"132 Wheatland Street, Somerville MA",Wheatland Street,132,HEALEY,1,198,42.393946,-71.087626,0.87,nearest_rooftop_match,104 Wheatland St,,"Somerville, MA 02145",,104,Wheatland St,,,Somerville,MA,,Middlesex County,02145,US,,"Office of Geographic Information (MassGIS), Commonwealth of Massachusetts, MassIT",gcod_usnrlkweg54zdwxamzn9sdjwwgu9f,building_centroid
"165 Wheatland Street, Somerville MA",Wheatland Street,165,HEALEY,1,198,42.393947,-71.087585,1,range_interpolation,165 Wheatland St,,"Somerville, MA 02145",,165,Wheatland St,,,Somerville,MA,,Middlesex County,02145,US,,TIGER/Line® from the US Census Bureau,gcod_usnrlkweg54zdwxanxhkj9u4d4ly4,
"198 Wheatland Street, Somerville MA",Wheatland Street,198,HEALEY,1,198,42.393946,-71.087626,0.81,nearest_rooftop_match,104 Wheatland St,,"Somerville, MA 02145",,104,Wheatland St,,,Somerville,MA,,Middlesex County,02145,US,,"Office of Geographic Information (MassGIS), Commonwealth of Massachusetts, MassIT",gcod_usnrlkweg54zdwxamzn9sdjwwgu9f,building_centroid
"1 Winter Hill Circle, Somerville MA",Winter Hill Circle,1,HEALEY,1,99,42.394158,-71.094755,0.89,nearest_rooftop_match,15 Winter Hill Cir,,"Somerville, MA 02145",,15,Winter Hill Cir,,,Somerville,MA,,Middlesex County,02145,US,,"Office of Geographic Information (MassGIS), Commonwealth of Massachusetts, MassIT",gcod_usnkb4ate7ugw7s2ybaxnrhmqdek6,building_centroid
"26 Winter Hill Circle, Somerville MA",Winter Hill Circle,26,HEALEY,1,99,42.393648,-71.095055,1,range_interpolation,26 Winter Hill Cir,,"Somerville, MA 02145",,26,Winter Hill Cir,,,Somerville,MA,,Middlesex County,02145,US,,TIGER/Line® from the US Census Bureau,gcod_usnkb4ate7ugw7s267b7trzapzjpg,
"50 Winter Hill Circle, Somerville MA",Winter Hill Circle,50,HEALEY,1,99,42.393738,-71.094982,1,range_interpolation,50 Winter Hill Cir,,"Somerville, MA 02145",,50,Winter Hill Cir,,,Somerville,MA,,Middlesex County,02145,US,,TIGER/Line® from the US Census Bureau,gcod_usnkb4ate7ugw7s2cxdblnc64fzpa,
"74 Winter Hill Circle, Somerville MA",Winter Hill Circle,74,HEALEY,1,99,42.393828,-71.094909,1,range_interpolation,74 Winter Hill Cir,,"Somerville, MA 02145",,74,Winter Hill Cir,,,Somerville,MA,,Middlesex County,02145,US,,TIGER/Line® from the US Census Bureau,gcod_usnkb4ate7ugw7s2d825rjpags3rd,
"99 Winter Hill Circle, Somerville MA",Winter Hill Circle,99,HEALEY,1,99,42.394158,-71.094755,0.82,nearest_rooftop_match,15 Winter Hill Cir,,"Somerville, MA 02145",,15,Winter Hill Cir,,,Somerville,MA,,Middlesex County,02145,US,,"Office of Geographic Information (MassGIS), Commonwealth of Massachusetts, MassIT",gcod_usnkb4ate7ugw7s2ybaxnrhmqdek6,building_centroid
