street,left_from,left_to,right_from,right_to,zip_left,zip_right
Puritan Rd,54,198,53,199,02145,02145
Ten Hills Rd,26,40,nan,nan,02145,nan
Puritan Rd,2,52,1,51,02145,02145
Putnam Rd,42,98,41,99,02145,02145
Ten Hills Rd,42,56,nan,nan,02145,nan
Putnam Rd,2,40,1,39,02145,02145
Ten Hills Rd,94,110,95,105,02145,02145
Ten Hills Rd,130,198,125,199,02145,02145
Ten Hills Rd,112,128,107,123,02145,02145
Ten Hills Rd,58,92,1,93,02145,02145
Crest Hill Rd,2,98,1,99,02145,02145
Melville Rd,2,98,1,99,02145,02145
Fellsway W,44,298,201,299,02145,02145
Jaques St,2,10,1,9,02145,02145
Wheatland St,58,198,65,99,02145,02145
Mystic Ave,308,360,nan,nan,02145,nan
Temple Rd,2,198,1,199,02145,02145
Shore Dr,192,198,143,199,02145,02145
Mystic Ave,208,222,201,243,02145,02145
Cummings St,2,98,1,99,02145,02145
Kensington Ave,76,98,77,99,02145,02145
McGrath Hwy,nan,nan,693,799,nan,02145
Fellsway W,2,42,1,199,02145,02145
Mc Grath Hwy,700,898,801,899,02145,02145
Rush St,62,98,63,99,02145,02145
Flint St,44,58,43,53,02145,02145
Cross St,82,96,77,89,02145,02145
Cross St,54,80,71,75,02145,02145
Pearl St,116,128,nan,nan,02145,nan
Newman Pl,2,98,1,99,02145,02145
Lowell St,nan,nan,235,257,nan,02144
Alpine St,58,70,57,71,02144,02144
Broadway,nan,nan,521,563,nan,02145
Charles E Ryan Rd,2,98,1,49,02145,02145
Franey Rd,2,98,1,99,02145,02145
Charles E Ryan Rd,nan,nan,51,61,nan,02145
Charles E Ryan Rd,nan,nan,63,73,nan,02145
Charles E Ryan Rd,nan,nan,75,85,nan,02145
Berwick St,2,98,1,99,02145,02145
Hinckley St,80,98,81,99,02145,02145
Broadway,500,504,nan,nan,02145,nan
Dearborn Rd,2,10,1,7,02144,02144
Dearborn Rd,20,98,21,63,02144,02144
Mason St,nan,nan,43,99,nan,02144
Ossipee Rd,2,50,1,49,02144,02144
Packard Ave,nan,nan,53,73,nan,02144
Mason St,2,98,33,41,02144,02144
Electric Ave,2,66,1,65,02144,02144
Packard Ave,36,58,35,51,02144,02144
Burnham St,2,98,1,99,02144,02144
Broadway,976,990,977,983,02144,02144
Broadway,992,998,985,997,02144,02144
Mason St,nan,nan,1,9,nan,02144
Mason St,nan,nan,11,31,nan,02144
Simpson Ave,28,98,29,99,02144,02144
Cady Ave,17,99,15,1,02144,02144
Cady Ave,2,98,nan,nan,02144,nan
Corinthian Rd,2,98,1,99,02144,02144
Broadway,1000,1012,999,1009,02144,02144
Broadway,952,974,945,967,02144,02144
Wallace St,16,198,17,199,02144,02144
Wallace St,2,14,1,15,02144,02144
Holland St,42,76,53,75,02144,02144
Irving St,2,98,1,99,02144,02144
Orchard St,100,112,101,111,02144,02144
College Ave,nan,nan,1,21,nan,02144
Holland St,nan,nan,1,37,nan,02144
Winter St,12-00,12-98,1,99,02144,02144
Winter St,2,98,nan,nan,02144,nan
College Ave,2,18,nan,nan,02144,nan
Davis Sq,99,1,2,98,02144,02144
Park Ave,2,12,1,11,02144,02144
College Ave,20,24,23,29,02144,02144
Holland St,nan,nan,39,51,nan,02144
Park Ave,14,98,13,99,02144,02144
Elm Ct,2,98,1,99,02144,02144
Winslow Ave,2,20,1,21,02144,02144
Chandler St,64,98,65,99,02144,02144
Chandler St,40,62,53,63,02144,02144
Chandler St,2,38,1,51,02144,02144
Broadway,932,950,923,943,02144,02144
College Ave,50,66,37,69,02144,02144
College Ave,26,48,31,35,02144,02144
Chapel St,2,98,1,99,02144,02144
Cottage Ave,2,12,1,11,02144,02144
Russell St,35,47,38,98,02144,02140
Cottage Cir,1,99,98,2,02144,02144
Grove St,30,42,nan,nan,02144,nan
Highland Ave,400,498,399,499,02144,02144
Grove St,2,28,nan,nan,02144,nan
Elm St,214,244,nan,nan,02144,nan
Elm St,246,298,227,299,02144,02144
Day St,101,199,100,198,02144,02144
Chester St,55,99,nan,nan,02144,nan
Herbert St,99,1,98,2,02144,02144
Day St,nan,nan,58,98,nan,02144
Bowers Ave,2,98,1,99,02144,02144
Cottage Ave,22,98,21,99,02144,02144
Chester St,41,53,44,98,02144,02144
Orchard St,86,98,85,99,02144,02144
Russell St,49,99,nan,nan,02144,nan
Cottage Ave,14,20,13,19,02144,02144
Elm St,200,212,221,225,02144,02144
Elm St,nan,nan,203,219,nan,02144
Leonard St,22,98,25,99,02144,02144
Leonard St,2,20,1,23,02144,02144
Broadway,nan,nan,969,975,nan,02144
Bromfield Rd,2,198,1,199,02144,02144
Broadway,876,898,879,893,02144,02144
Broadway,900,930,895,921,02144,02144
Walker St,2,98,1,99,02144,02144
Powder House Sq,1,99,nan,nan,02144,nan
Broadway,872,874,801,877,02144,02144
College Ave,116,128,113,147,02144,02144
Kenwood St,2,98,1,99,02144,02144
Billingham St,nan,nan,29,99,nan,02144
College Ave,130,136,nan,nan,02144,nan
Billingham St,14,98,15,27,02144,02144
Billingham St,2,12,1,13,02144,02144
William St,20,98,19,99,02144,02144
William St,2,18,1,17,02144,02144
College Ave,68,80,71,85,02144,02144
Pearson Rd,38,198,41,199,02144,02144
Broadway,748,754,nan,nan,02144,nan
Broadway,756,798,761,771,02144,02144
Hinckley St,18,32,19,39,02145,02145
Fennell St,2,98,1,99,02145,02145
Broadway,506,550,nan,nan,02145,nan
Hinckley St,34,50,43,49,02145,02145
Roberts St,2,98,1,99,02145,02145
Hinckley St,52,64,51,65,02145,02145
Cutler St,2,98,1,99,02145,02145
Lowell St,352,364,351,399,02145,02145
Lowell Ter,2,98,1,99,02145,02145
Lowell Ter,300,398,nan,nan,02145,nan
Vinal St,3,99,nan,nan,02145,nan
Hinckley St,66,78,67,79,02145,02145
Richardson St,28,98,31,99,02145,02145
Henderson St,2,26,1,25,02145,02145
Wilton St,30,98,31,99,02145,02145
Nashua St,2,26,1,23,02145,02145
Wilton St,16,28,13,29,02145,02145
Richardson St,24,26,23,29,02145,02145
Richardson St,20,22,19,21,02145,02145
Nashua St,28,34,25,35,02145,02145
Henderson St,28,98,27,99,02145,02145
Lowell St,242,302,269,301,02145,02145
Wilton St,2,14,1,11,02145,02145
Lowell St,366,398,nan,nan,02145,nan
Fisk Ave,2,98,1,99,02145,02145
Medford St,510,598,511,599,02145,02145
Norwood Ave,2,98,1,99,02145,02145
Medford St,494,508,495,509,02145,02145
Broadway,400,464,nan,nan,02143,nan
Broadway,442,448,nan,nan,02145,nan
Trull St,2,98,1,99,02145,02145
Trull St,400,498,nan,nan,02145,nan
Vernon St,100,198,101,199,02145,02145
Lowell St,304,336,303,335,02145,02145
Lowell St,338,350,337,349,02145,02145
Broadway,450,460,nan,nan,02145,nan
Partridge Ave,70,98,61,99,02145,02145
Medford St,484,492,487,493,02145,02145
Partridge Ave,2,68,1,59,02145,02145
Vernon St,78,98,67,99,02145,02145
Richardson St,2,18,1,17,02145,02145
Central St,nan,nan,117,119,nan,02145
Vernon St,62,76,nan,nan,02145,nan
Vernon St,50,60,53,65,02145,02145
Vernon St,8,48,25,51,02145,02145
Vernon St,2,6,nan,nan,02145,nan
Broadway,800,810,773,799,02144,02144
Broadway,812,898,nan,nan,02145,nan
Pearson Rd,2,36,1,39,02144,02144
College Ave,100,114,101,111,02144,02144
Summit St,2,98,1,99,02144,02144
College Ave,82,98,87,99,02144,02144
Liberty Ave,2,32,nan,nan,02144,nan
Liberty Ave,34,36,nan,nan,02144,nan
Powder House Ter,2,98,1,99,02144,02144
Kidder Ave,2,28,1,29,02144,02144
Bay State Ave,2,30,1,29,02144,02144
Mallet St,22,98,nan,nan,02144,nan
Liberty Ave,92,98,93,99,02144,02144
Liberty Ave,100,198,101,109,02144,02144
Hall Ave,2,98,1,99,02144,02144
Francesca Ave,2,98,1,99,02144,02144
Grove St,54,98,61,99,02144,02144
Winslow Ave,22,34,23,37,02144,02144
Morrison Ave,200,298,201,299,02144,02144
Liberty Ave,nan,nan,111,199,nan,02144
Liberty Rd,nan,nan,101,199,nan,02144
Liberty Rd,nan,nan,100,198,nan,02144
Morrison Ave,156,172,153,175,02144,02144
Morrison Pl,2,98,1,199,02144,02144
Morrison Ave,150,154,nan,nan,02144,nan
Winslow Ave,36,98,39,99,02144,02144
Morrison Ave,174,198,177,199,02144,02144
Grove St,44,52,1,59,02144,02144
Kidder Ave,30,70,31,55,02144,02144
Liberty Ave,74,90,77,91,02144,02144
Willow Ave,156,180,161,179,02144,02144
Appleton St,2,14,1,15,02144,02144
Appleton St,16,98,17,27,02144,02144
Appleton St,nan,nan,29,99,nan,02144
Foskett St,38,98,21,99,02144,02144
Foskett St,18,36,nan,nan,02144,nan
Foskett St,2,16,1,19,02144,02144
Bay State Ave,72,98,71,99,02144,02144
Kidder Ave,nan,nan,57,67,nan,02144
Elm St,170,194,169,187,02140,02144
Elm St,nan,nan,159,167,nan,02144
Elm St,nan,nan,153,157,nan,02144
Clifton St,22,98,nan,nan,02144,nan
Bay State Ave,32,70,31,69,02144,02144
Liberty Ave,38,72,1,75,02144,02144
Ellington Rd,25,99,22,2,02144,02144
Cutter Ave,22,98,21,99,02144,02144
Dresden Cir,2,98,99,1,02144,02144
Cutter Ave,14,20,1,19,02144,02144
Cutter Park,98,2,1,99,02144,02144
Cutter Ave,2,12,nan,nan,02144,nan
Highland Ave,384,398,385,397,02144,02144
Willow Ave,62,74,63,73,02144,02144
Willow Ave,50,60,51,61,02144,02144
Summer St,326,332,329,333,02144,02144
Saint James Ave,36,98,33,99,02144,02144
Summer St,334,338,335,341,02144,02144
Summer St,340,358,343,351,02144,02144
Summer St,360,398,353,399,02144,02144
Hawthorne St,99,41,98,46,02144,02144
Hawthorne St,39,1,44,2,02144,02144
Windom St,2,98,1,99,02144,02144
Willow Ave,114,142,125,139,02144,02144
Newberne St,98,2,1,5,02144,02144
Newberne St,nan,nan,11,99,nan,02144
Morrison Ave,110,124,111,125,02144,02144
Morrison Ave,126,148,127,151,02144,02144
Willow Ave,nan,nan,107,123,nan,02144
Whipple St,1,99,98,2,02144,02144
Highland Ave,362,370,nan,nan,02144,nan
Highland Ave,372,382,367,383,02144,02144
West St,2,98,1,99,02144,02144
Elston St,2,98,1,99,02144,02144
Willow Ave,76,94,75,93,02144,02144
Saint James Ave,2,34,1,31,02144,02144
Lowden Ave,32,70,33,69,02144,02144
Mallet St,12,20,nan,nan,02144,nan
Lowden Ave,72,98,71,99,02144,02144
Newberne St,nan,nan,7,9,nan,02144
Willow Ave,144,154,141,159,02144,02144
Willow Ave,182,208,181,201,02144,02144
Kidder Ave,72,98,69,199,02144,02144
Willow Ave,96,112,95,105,02144,02144
Hancock St,nan,nan,83,93,nan,02144
Windsor Rd,99,1,98,2,02144,02144
Highland Ave,332,336,331,337,02144,02144
Sturtevant St,199,101,2,198,02145,02145
Assembly Square Dr,199,101,2,198,02145,02145
Foley St,2,150,401,499,02145,02145
Foley St,nan,nan,67,299,nan,02145
Foley St,nan,nan,1,65,nan,02145
Middlesex Ave,2,98,nan,nan,02145,nan
Middlesex Ave,100,118,101,151,02145,02145
Middlesex Ave,120,198,153,173,02145,02145
Highland Ave,324,330,323,329,02144,02144
Hancock St,nan,nan,67,81,nan,02144
Charnwood Rd,2,98,1,99,02144,02144
Henry Ave,2,98,1,99,02144,02144
Lexington Ave,199,95,198,100,02144,02144
Highland Rd,2,10,1,13,02144,02144
Morrison Ave,92,108,91,109,02144,02144
Morrison Ave,78,90,75,89,02144,02144
Morrison Ave,56,76,55,73,02144,02144
Lexington Ave,77,59,78,60,02144,02144
Lexington Ave,93,79,98,80,02144,02144
Josephine Ave,2,66,1,63,02144,02144
Lesley Ave,2,98,1,99,02144,02144
Mystic Ave,682,798,nan,nan,02145,nan
Fremont St,100,198,101,199,02145,02145
E Albion St,nan,nan,55,61,nan,02145
Broadway,436,440,nan,nan,02145,nan
Broadway,432,434,nan,nan,02145,nan
Bartlett St,62,198,59,199,02145,02145
Medford St,466,474,467,477,02145,02145
Glenwood Rd,76,198,63,199,02145,02145
Medford St,476,482,479,485,02145,02145
Bartlett St,50,60,51,57,02145,02145
Bartlett St,30,48,35,49,02145,02145
Bartlett St,2,28,1,33,02145,02145
Glenwood Rd,2,74,1,61,02145,02145
Broadway,414,430,nan,nan,02145,nan
Adams St,2,98,1,99,02145,02145
Medford St,450,464,447,465,02145,02145
Central St,138,140,135,145,02145,02145
Robinson St,99,1,98,2,02145,02145
Medford St,428,448,435,445,02145,02145
Ames St,2,22,1,27,02145,02145
Ames St,24,98,29,99,02145,02145
Central St,176,298,175,299,02145,02145
Central St,166,174,165,173,02145,02145
Central St,142,164,147,163,02145,02145
Broadway,402,412,nan,nan,02145,nan
Broadway,388,400,nan,nan,02145,nan
Main St,99,1,nan,nan,02145,nan
Upland Park,99,1,2,98,02145,02145
Main St,nan,nan,98,38,nan,02145
Main St,nan,nan,18,2,nan,02145
Main St,nan,nan,36,24,nan,02145
Fremont St,54,98,49,99,02145,02145
Fremont St,2,52,1,47,02145,02145
Moreland St,14,54,11,55,02145,02145
Moreland St,2,12,1,9,02145,02145
Meacham St,30,98,31,99,02145,02145
Sycamore St,146,156,147,159,02145,02145
Sycamore Ter,2,98,1,99,02145,02145
Moreland St,56,98,57,99,02145,02145
E Albion St,2,54,31,51,02145,02145
E Albion St,60,98,nan,nan,02145,nan
Moreland St,100,198,101,199,02145,02145
E Albion St,nan,nan,9,29,nan,02145
Ash Ave,45,1,42,2,02145,02145
Meacham St,14,28,9,29,02145,02145
Century St,2,98,1,7,02145,02145
Century St,nan,nan,9,29,nan,02145
Century St,nan,nan,31,99,nan,02145
Edgar Ter,2,98,1,9,02145,02145
Edgar Ter,nan,nan,13,99,nan,02145
Heath St,112,198,111,199,02145,02145
Edgar Ave,2,22,nan,nan,02145,nan
Edgar Ave,nan,nan,3,9,nan,02145
Butler Dr,nan,nan,98,2,nan,02145
Temple St,58,98,59,85,02145,02145
Jaques St,54,74,59,73,02145,02145
Jaques St,76,82,75,81,02145,02145
Jaques St,84,102,83,113,02145,02145
Jaques St,104,120,115,125,02145,02145
Jaques St,122,198,127,199,02145,02145
Edgar Ave,44,98,39,59,02145,02145
Edgar Ave,nan,nan,69,99,nan,02145
Edgar Ave,nan,nan,61,65,nan,02145
Meacham St,2,12,nan,nan,02145,nan
Meacham St,nan,nan,1,7,nan,02145
Ash Ave,99,47,98,44,02145,02145
River Rd,nan,nan,50,98,nan,02145
Canal Ln,2,98,1,99,02145,02145
Memorial Rd,2,98,1,99,02145,02145
Edgar Ct,2,98,1,99,02145,02145
Tennyson St,24,98,17,99,02145,02145
Medford St,422,426,423,433,02145,02145
Forster St,18,98,13,99,02145,02145
Douglas Ave,99,1,98,2,02145,02145
Heath St,84,110,83,109,02145,02145
Sycamore St,158,198,161,199,02145,02145
Browning Rd,99,1,98,2,02145,02145
Broadway,376,386,nan,nan,02145,nan
Bond St,24,98,27,99,02145,02145
Fenwick St,30,98,27,99,02145,02145
Heath St,62,82,67,81,02145,02145
Mystic Ave,600,680,nan,nan,02145,nan
Thurston St,92,198,91,199,02145,02145
Fairview Ter,2,98,1,99,02145,02145
Broadway,360,374,nan,nan,02145,nan
School St,256,298,253,299,02145,02145
School St,240,254,239,251,02145,02145
School St,230,238,225,237,02145,02145
Evergreen Ave,18,34,19,33,02145,02145
Dartmouth St,34,98,35,99,02145,02145
Broadway,342,350,nan,nan,02145,nan
Evergreen Ave,nan,nan,45,99,nan,02145
Thurston St,14,62,13,59,02145,02145
Medford St,390,394,391,411,02145,02145
Medford St,396,406,nan,nan,02145,nan
Sycamore St,88,120,101,115,02145,02145
Shore Dr,166,190,139,141,02145,02145
Shore Dr,144,164,123,137,02145,02145
Shore Dr,122,142,107,121,02145,02145
Shore Dr,80,120,81,105,02145,02145
Shore Dr,64,78,67,79,02145,02145
Shore Dr,48,62,41,65,02145,02145
Shore Dr,32,46,nan,nan,02145,nan
Shore Dr,2,30,1,39,02145,02145
River Rd,1,3,2,48,02145,02145
River Rd,7,99,nan,nan,02145,nan
Mystic Ave,500,530,nan,nan,02145,nan
Temple St,30,56,35,57,02145,02145
Heath St,2,12,1,15,02145,02145
Heath St,14,20,17,21,02145,02145
Florence Ter,99,1,98,2,02145,02145
Broadway,352,358,nan,nan,02145,nan
Heath St,22,60,23,65,02145,02145
Evergreen Ave,36,98,35,43,02145,02145
Thurston St,64,90,61,89,02145,02145
Dartmouth St,2,32,1,33,02145,02145
Medford St,380,388,379,389,02145,02145
School St,214,228,213,223,02145,02145
School St,200,212,201,211,02145,02145
School St,180,198,181,199,02145,02145
School St,nan,nan,145,179,nan,02145
Medford St,362,378,365,377,02145,02145
Bailey Rd,74,198,75,199,02145,02145
Grant St,42,66,35,65,02145,02145
Jaques St,22,52,21,57,02145,02145
Derby St,14,98,7,99,02145,02145
Broadway,302,340,nan,nan,02145,nan
Mystic Ave,436,498,nan,nan,02145,nan
Governor Winthrop Rd,66,198,65,199,02145,02145
Ten Hills Rd,2,24,nan,nan,02145,nan
Bailey Rd,2,72,1,73,02145,02145
Governor Winthrop Rd,2,64,1,63,02145,02145
Grant St,20,40,21,33,02145,02145
Sewall St,2,22,1,27,02145,02145
Sewall St,24,98,29,99,02145,02145
Marshall St,2,28,1,23,02145,02145
Oakland Ave,99,1,98,2,02145,02145
Bradford Ave,2,98,1,99,02145,02145
Wheatland St,2,34,1,33,02145,02145
Broadway,nan,nan,267,277,nan,02145
Grant St,2,18,1,19,02145,02145
Jaques St,12,20,11,19,02145,02145
Sewall Ct,2,98,1,99,02145,02145
Grant St,68,82,67,77,02145,02145
Sydney St,44,98,39,99,02145,02145
Sydney St,2,42,1,37,02145,02145
Mystic Ave,416,434,nan,nan,02145,nan
Mystic Ave,362,398,nan,nan,02145,nan
Derby St,2,12,1,5,02145,02145
Dane Ave,11,1,nan,nan,02143,nan
Broadway,519,501,nan,nan,02145,nan
Warner St,36,38,33,37,02144,02144
Broadway,718,734,727,739,02144,02144
Broadway,736,746,741,759,02144,02144
Bristol Rd,199,101,198,102,02144,02144
Lowden Ave,2,30,1,31,02144,02144
Willow Ave,252,298,249,299,02144,02144
Mallet St,2,10,1,99,02144,02144
Broadway,660,672,nan,nan,02144,nan
Broadway,674,696,nan,nan,02144,nan
Broadway,698,716,691,725,02144,02144
Josephine Ave,68,198,65,199,02144,02144
Willow Ave,210,250,203,247,02144,02144
Rogers Ave,54,198,53,199,02144,02144
Ball Sq,1,99,nan,nan,02144,nan
Cedar St,226,228,nan,nan,02145,nan
Cedar St,200,224,201,221,02145,02145
Morrison Ave,2,10,1,11,02144,02144
Boston Ave,2,52,1,53,02144,02144
Boston Ave,54,98,55,99,02144,02144
Boston Ave,100,118,101,119,02144,02144
Boston Ave,120,138,121,139,02144,02144
Boston Ave,140,198,141,199,02144,02144
Boston Ave,nan,nan,501,599,nan,02144
Broadway,nan,nan,643,689,nan,02145
Rogers Ave,2,52,1,51,02144,02144
Highland Rd,72,198,73,199,02144,02144
Highland Rd,12,70,15,71,02144,02144
Cedar St,nan,nan,157,179,nan,02145
Morrison Ave,42,54,41,53,02144,02144
Morrison Ave,28,40,25,39,02144,02144
Morrison Ave,12,26,13,23,02144,02144
Cedar St,134,160,131,155,02144,02144
Lexington Ave,2,58,1,57,02144,02144
Hancock St,112,198,113,199,02144,02144
Hancock St,74,110,95,111,02144,02144
Cedar St,122,132,121,129,02144,02144
Spencer Ave,2,98,1,99,02144,02144
Kidder Ave,100,198,nan,nan,02144,nan
Pearson Ave,2,60,1,59,02144,02144
Lowell St,nan,nan,259,267,nan,02144
Princeton St,2,98,1,99,02144,02144
Alpine St,2,56,1,55,02144,02144
Warwick St,2,56,1,99,02145,02145
Clyde St,40,98,41,99,02145,02145
Murdock St,2,12,1,15,02145,02145
Cedar St,100,120,101,119,02144,02144
Highland Ave,290,296,287,299,02144,02144
Highland Ave,298,310,301,309,02144,02144
Cherry St,68,98,65,99,02144,02144
Fairlee St,2,98,1,99,02144,02144
Highland Ave,312,322,311,321,02144,02144
Albion St,92,100,87,99,02144,02144
Lowell St,200,224,201,227,02144,02144
Hudson St,94,132,91,131,02144,02144
Albion Ct,1,99,198,2,02144,02144
Albion St,118,124,121,133,02144,02144
Albion St,102,116,101,119,02144,02144
Albion Ter,2,198,1,99,02144,02144
Lowell St,226,240,229,233,02144,02144
Albion Pl,2,98,1,199,02144,02144
Alpine St,72,198,73,199,02144,02144
Prichard Ave,2,56,1,55,02144,02144
Wilson Ave,2,98,1,99,02145,02145
Broadway,600,658,601,641,02145,02145
Pearson Ave,62,198,61,199,02144,02144
Prichard Ave,58,98,57,99,02144,02144
Broadway,nan,nan,565,579,nan,02145
Broadway,552,598,581,599,02145,02145
Cedar St,284,298,nan,nan,02145,nan
Cedar St,272,282,nan,nan,02145,nan
Clyde St,2,38,1,39,02145,02145
Central St,126,136,125,133,02145,02145
Curtis St,158,166,nan,nan,02144,nan
Curtis St,122,138,131,139,02144,02144
Vernon St,nan,nan,1,23,nan,02145
Curtis St,168,198,nan,nan,02144,nan
Powder House Blvd,2,56,nan,nan,02144,nan
Powder House Blvd,58,68,nan,nan,02144,nan
Powder House Blvd,70,84,nan,nan,02144,nan
Powder House Blvd,86,122,1,57,02144,02144
Powder House Blvd,nan,nan,61,99,nan,02144
Packard Ave,86,92,nan,nan,02144,nan
Packard Ave,nan,nan,77,99,nan,02144
College Ave,nan,nan,298,200,nan,02144
Holland St,nan,nan,40,2,nan,02144
Broadway,nan,nan,259,265,nan,02145
Pearl St,188,196,189,195,02145,02145
Pearl St,180,186,183,187,02145,02145
Wesley St,2,98,1,99,02145,02145
Dana St,2,40,1,37,02145,02145
McGrath Hwy,nan,nan,583,599,nan,02145
McGrath Hwy,nan,nan,563,581,nan,02145
Walnut St,74,98,71,99,02143,02143
Grand View Ave,2,98,1,99,02143,02143
Walnut St,60,72,59,69,02143,02143
Pleasant Ave,2,98,1,99,02143,02143
Highland Ave,2,16,1,19,02143,02143
Highland Ave,18,26,21,77,02143,02143
Medford St,nan,nan,201,299,nan,02143
Hamlet St,26,98,25,99,02143,02143
Boston St,70,98,71,99,02143,02143
Walnut St,50,58,53,57,02143,02143
Thorpe St,99,1,98,2,02143,02143
Boston St,66,68,67,69,02143,02143
Bigelow St,2,98,1,99,02143,02143
McGrath Hwy,nan,nan,401,499,nan,02143
Cross St,138,198,nan,nan,02145,nan
Chester Ave,1,99,10,16,02143,02143
Chester Ave,18,98,nan,nan,02143,nan
Chester Ave,2,8,nan,nan,02143,nan
Cross St,nan,nan,143,199,nan,02145
Boston St,56,64,57,65,02143,02143
Greenville St,26,98,31,99,02143,02143
Washington St,188,198,181,199,02143,02143
Washington St,200,218,201,205,02143,02143
Washington Ter,2,98,299,1,02143,02143
Washington St,nan,nan,207,239,nan,02143
Columbus Ave,2,26,1,27,02143,02143
Columbus Ave,28,48,29,51,02143,02143
Munroe St,2,60,1,35,02143,02143
Boston St,2,22,1,19,02143,02143
Bonner Ave,14,98,1,99,02143,02143
Homer Sq,1,99,2,98,02143,02143
Stone Pl,98,2,99,1,02143,02143
Prospect Hill Ave,12,98,11,99,02143,02143
Boston St,36,54,35,55,02143,02143
Bonner Ave,2,12,nan,nan,02143,nan
Bennett Ct,1,99,2,98,02143,02143
Bennett St,2,98,1,99,02143,02143
Aldrich St,2,30,1,23,02145,02145
Aldrich St,nan,nan,27,29,nan,02145
Gilman St,58,94,67,95,02145,02145
McGrath Hwy,nan,nan,501,561,nan,02145
Aldrich St,32,98,31,99,02145,02145
Cross St,42,52,51,69,02145,02145
Pearl St,130,150,109,149,02145,02145
Pearl Ter,2,98,199,1,02145,02145
Everett Ave,2,18,1,17,02145,02145
Pearl St,162,168,161,165,02145,02145
Delaware St,2,98,1,99,02145,02145
Pearl St,170,178,167,173,02145,02145
Randolph Pl,2,98,1,99,02145,02145
Flint Ave,2,98,1,99,02145,02145
Flint St,76,198,79,199,02145,02145
Pearl St,152,160,151,159,02145,02145
Cross St,98,108,91,107,02145,02145
Gilman St,2,46,1,47,02145,02145
Flint St,60,74,55,77,02145,02145
Cross St,110,122,109,125,02145,02145
Auburn Ave,6,98,1,9,02145,02145
Auburn Ave,nan,nan,13,99,nan,02145
Pearl St,72,90,71,93,02145,02145
Franklin St,40,48,37,49,02145,02145
Flint St,2,28,1,27,02145,02145
Glen St,86,98,67,101,02145,02145
Pearl St,92,98,95,107,02145,02145
Hillside Ave,2,98,1,99,02145,02145
Flint St,30,42,29,41,02145,02145
Glen St,100,134,103,113,02145,02145
Oliver St,14,98,27,99,02145,02145
Fountain Ave,2,98,1,199,02145,02145
Dell St,2,98,1,199,02145,02145
Tufts St,2,98,57,99,02145,02145
Cross St,124,136,131,133,02145,02145
Washington St,106,144,nan,nan,02143,nan
Cross St,nan,nan,135,141,nan,02145
Tufts St,nan,nan,29,55,nan,02145
Tufts St,nan,nan,1,27,nan,02145
Alston St,2,98,1,99,02143,02143
Greenville St,20,24,19,29,02143,02143
Greenville St,14,18,13,17,02143,02143
Boston St,24,34,21,33,02143,02143
Somerville Ave,100,182,nan,nan,02143,nan
Somerville Ave,nan,nan,101,191,nan,02143
Mansfield St,2,98,1,99,02143,02143
Somerville Ave,184,198,nan,nan,02143,nan
Somerville Ave,200,210,193,203,02143,02143
Rossmore St,2,98,1,99,02143,02143
Parkdale St,99,1,98,2,02143,02143
Everett St,24,98,19,99,02143,02143
Everett St,2,22,1,17,02143,02143
Somerville Ave,290,300,nan,nan,02143,nan
Concord Ave,2,38,1,27,02143,02143
Newton St,76,98,99,71,02143,02143
Newton St,2,74,69,63,02143,02143
Newton Pl,2,98,99,1,02143,02143
Concord Ave,90,94,89,95,02143,02143
Wyatt St,20,98,21,99,02143,02143
Wyatt Cir,1,9,2,98,02143,02143
Wyatt Cir,13,99,nan,nan,02143,nan
Joseph St,nan,nan,23,99,nan,02143
Adrian St,99,1,98,2,02143,02143
Marion St,26,48,27,51,02143,02143
Dickinson St,20,38,27,43,02143,02143
Leon St,99,1,98,2,02143,02143
Taunton St,1,99,98,2,02143,02143
Marion St,12,24,11,25,02143,02143
Springfield St,42,48,41,47,02143,02143
Dickinson St,2,18,1,25,02143,02143
Wyatt St,2,18,1,19,02143,02143
Concord Ave,nan,nan,29,65,nan,02143
Concord Ave,nan,nan,67,69,nan,02143
Marion St,2,10,1,9,02143,02143
Joseph St,2,98,1,21,02143,02143
Concord Ave,62,88,71,87,02143,02143
Springfield St,50,98,49,99,02143,02143
Prospect St,76,74,71,67,02143,02143
Prospect St,84,82,nan,nan,02143,nan
Oak St,nan,nan,1,17,nan,02143
Oak St,nan,nan,21,23,nan,02143
Oak Street Pl,2,98,1,99,02143,02143
Prospect Pl,2,98,1,99,02143,02143
Webster Ave,nan,nan,39,47,nan,02143
Oak St,68,98,69,99,02143,02143
Houghton St,42,98,39,99,02143,02143
Bolton St,99,9,98,16,02143,02143
Houghton St,22,40,21,37,02143,02143
Oak St,50,66,53,67,02143,02143
Holts Ave,2,98,1,99,02143,02143
Oak St,16,18,25,51,02143,02143
Oak St,2,4,nan,nan,02143,nan
Oak St,28,48,nan,nan,02143,nan
Springfield St,nan,nan,23,25,nan,02143
Prospect St,110,108,105,97,02143,02143
Prospect St,90,86,119,117,02143,02143
Prospect St,nan,nan,91,89,nan,02143
Tremont St,205,299,200,298,02143,02143
Webster Ave,48,50,49,67,02143,02143
Tremont Pl,199,1,98,2,02143,02143
Webster Ave,52,64,69,99,02143,02143
Webster Ave,66,98,nan,nan,02143,nan
Emerson St,2,98,1,99,02143,02143
Allen St,99,1,98,2,02143,02143
Milk Pl,1,99,2,98,02143,02143
Somerville Ave,250,288,243,293,02143,02143
Somerville Ave,242,248,nan,nan,02143,nan
Binney St,nan,nan,29,75,nan,02143
Willow Ave,2,48,1,49,02144,02144
Elm St,nan,nan,147,151,nan,02144
Elm St,nan,nan,133,139,nan,02144
Elm St,nan,nan,101,109,nan,02144
White St,49,99,32,98,02140,02144
Elm St,nan,nan,123,127,nan,02144
Elm St,nan,nan,111,121,nan,02144
White Street Pl,8,98,1,99,02144,02140
Somerville Ave,800,810,805,899,02143,02143
Somerville Ave,788,798,789,803,02143,02143
Somerville Ave,764,774,765,771,02143,02143
Summer St,304,316,301,311,02144,02144
Burnside Ave,2,98,1,99,02144,02144
Elm St,100,168,129,131,02140,02144
Banks St,2,98,1,99,02144,02144
Hancock St,nan,nan,55,65,nan,02144
Summer St,292,302,293,299,02144,02144
Summer St,318,324,313,327,02144,02144
Hancock St,2,72,1,53,02144,02144
Cherry St,38,40,35,39,02144,02144
Cherry St,18,36,7,33,02144,02144
Cherry St,2,16,1,5,02144,02144
Elm St,88,92,nan,nan,02144,nan
Summer St,280,290,289,291,02144,02144
Mossland St,2,98,1,99,02144,02144
Beacon Ter,2,98,1,99,02143,02143
Elm St,54,64,55,61,02144,02144
Elm St,66,84,63,87,02144,02144
Sartwell Ave,2,98,13,99,02144,02144
Holyoke Rd,2,98,1,99,02144,02144
Beacon St,370,398,nan,nan,02143,nan
Sacramento St,109,199,110,198,02143,02143
Somerville Ave,700,762,755,763,02143,02143
Somerville Ave,nan,nan,669,687,nan,02143
Somerville Ave,652,698,657,667,02143,02143
Sacramento St,101,107,98,108,02143,02143
Miller St,2,98,1,99,02143,02143
Beacon St,314,322,309,319,02143,02143
Stanford Ter,1,99,2,98,02143,02143
Adelaide Rd,2,98,99,1,02143,02143
Elm St,36,52,35,53,02143,02143
Elm St,2,34,13,33,02143,02143
Merriam St,nan,nan,39,99,nan,02143
Charlestown St,99,1,18,2,02143,02143
Linden St,99,1,98,2,02143,02143
Beach Ave,1,99,2,98,02143,02143
Colon Ct,1,99,2,98,02143,02143
Columbia St,nan,nan,444,598,nan,02143
Charlestown St,nan,nan,198,20,nan,02143
Medford St,nan,nan,35,99,nan,02143
Horace St,18,98,29,99,02143,02143
Ward St,15,27,22,98,02143,02143
Ward St,nan,nan,29,31,nan,02143
Ward St,nan,nan,35,99,nan,02143
South St,36,64,nan,nan,02143,nan
Earle St,2,98,1,99,02143,02143
South St,66,98,nan,nan,02143,nan
Merriam St,2,198,1,37,02143,02143
Somerville Ave,212,222,205,241,02143,02143
Columbia Ct,1,99,2,98,02143,02143
Webster Ave,nan,nan,304,300,nan,02143
Webster Ave,nan,nan,398,312,nan,02143
Harding St,49,99,nan,nan,02143,nan
Forest St,29,99,28,98,02143,02143
Beacon St,340,368,347,399,02143,02143
Hillside Cir,2,98,1,99,02143,02143
Craigie St,64,98,61,99,02143,02143
Craigie St,32,62,33,59,02143,02143
Craigie St,22,30,21,31,02143,02143
Dante Ter,2,98,1,99,02143,02143
Evergreen Sq,2,98,1,99,02143,02143
Porter St,8,14,7,13,02143,02143
Arnold Ave,2,98,1,99,02143,02143
Gould Ave,6,98,1,99,02143,02143
Gould Ave,2,4,nan,nan,02143,nan
Porter St,20,24,15,25,02143,02143
Porter St,26,30,27,31,02143,02143
Porter St,32,38,33,41,02143,02143
Porter St,40,46,43,61,02143,02143
Porter St,48,58,nan,nan,02143,nan
Summer St,216,226,217,229,02143,02143
Somerville Ave,nan,nan,599,635,nan,02143
Kent St,2,22,1,23,02143,02143
Somerville Ave,600,650,637,655,02143,02143
Kent Ct,2,98,1,99,02143,02143
Kent St,40,46,nan,nan,02143,nan
Kent St,48,98,47,99,02143,02143
Beacon St,202,248,nan,nan,02143,nan
Beacon St,254,258,nan,nan,02143,nan
Beacon St,284,286,nan,nan,02143,nan
Sacramento St,85,99,88,96,02143,02143
Beacon St,328,334,325,331,02143,02143
Prentiss St,95,99,78,98,02143,02143
Beacon St,336,338,333,345,02143,02143
Horace St,2,16,1,27,02143,02143
South St,nan,nan,33,99,nan,02143
South St,2,34,nan,nan,02143,nan
Binney St,400,498,401,499,02139,02143
Cedar St,80,98,91,99,02143,02143
Aberdeen Rd,2,20,1,99,02144,02144
Cedar St,76,78,75,89,02143,02143
Hall St,2,98,1,99,02144,02144
Hall St,20-00,20-98,nan,nan,02144,nan
Cherry St,52,66,49,63,02144,02144
Aberdeen Rd,22,98,nan,nan,02144,nan
Cedar St,64,74,61,73,02143,02143
Summer St,262,270,261,269,02144,02144
Summer St,272,278,271,287,02144,02144
Cherry St,42,50,41,47,02144,02144
Steeves Cir,2,98,1,99,02144,02144
Francis St,2,98,1,99,02143,02143
Porter St,96,104,91,103,02143,02143
Mountain Ave,2,98,1,99,02143,02143
Conwell St,nan,nan,21,99,nan,02143
Lowell St,182,198,181,199,02144,02144
Highland Ave,234,236,231,239,02143,02143
Highland Ave,238,252,241,249,02143,02143
Highland Ave,254,264,251,263,02143,02143
Highland Ave,266,276,265,273,02143,02143
Highland Ave,278,280,275,281,02143,02143
Hudson St,134,198,133,199,02144,02144
Ashland St,2,98,1,99,02144,02144
Porter St,76,82,63,77,02143,02143
Porter St,84,94,79,89,02143,02143
Cedar Ave,2,20,1,19,02143,02143
Cedar Ave,22,98,21,99,02143,02143
Linden Ave,60,98,53,99,02143,02143
Summer St,246,260,247,259,02143,02143
Linden Ave,48,58,49,51,02143,02143
Linden Pl,1,99,2,98,02143,02143
Linden Ave,42,46,43,47,02143,02143
Linden Ave,34,40,33,41,02143,02143
Linden Ave,26,32,29,31,02143,02143
Linden Ave,18,24,21,27,02143,02143
Gilson Ter,2,98,1,99,02143,02143
Cedar Street Pl,2,98,1,99,02143,02143
Peterson Ter,1,9,2,98,02143,02143
Peterson Ter,13,99,nan,nan,02143,nan
Olive Ave,2,98,1,99,02143,02143
Summer St,228,244,231,245,02143,02143
Linden Ave,2,16,1,19,02143,02143
Carver St,2,98,1,99,02143,02143
Linden Cir,98,2,1,99,02143,02143
Hayden Ter,1,99,2,98,02143,02143
College Ave,138,198,197,299,02144,02144
Hudson St,2,20,1,17,02143,02143
Hudson St,22,26,19,31,02143,02143
Hudson St,28,92,33,89,02143,02143
Albion St,2,42,1,39,02143,02143
Highland Ave,180,200,175,199,02143,02143
Highland Ave,202,210,201,205,02143,02143
Highland Ave,212,218,207,217,02143,02143
Benton Rd,76,98,53,99,02143,02143
Tower St,1,99,98,2,02143,02143
Crown St,32,62,nan,nan,02143,nan
Summer St,202,214,205,215,02143,02143
Porter St,60,74,nan,nan,02143,nan
Brastow Ave,2,98,1,99,02143,02143
Lowell St,nan,nan,91,99,nan,02143
Lowell Cir,98,2,99,1,02143,02143
Lowell St,80,98,75,89,02143,02143
Silvey Pl,2,98,1,99,02143,02143
Crown St,2,30,1,13,02143,02143
Lowell St,100,132,101,123,02143,02143
Belmont St,82,198,83,199,02143,02143
Belmont St,60,80,65,81,02143,02143
Summer St,196,200,197,203,02143,02143
Lowell St,134,180,125,179,02143,02143
Lowell St,56,78,53,73,02143,02143
Ibbetson St,44,98,45,99,02143,02143
Belmont St,36,58,33,63,02143,02143
Belmont St,24,34,21,31,02143,02143
Belmont St,14,22,13,19,02143,02143
Belmont St,10,12,nan,nan,02143,nan
Belmont St,2,8,1,9,02143,02143
Lowell St,2,46,1,45,02143,02143
Lowell St,48,54,47,51,02143,02143
Ibbetson St,2,42,1,43,02143,02143
Craigie St,2,12,1,13,02143,02143
Craigie St,14,20,15,19,02143,02143
Kimball St,nan,nan,3,99,nan,02143
Beacon St,288,298,279,295,02143,02143
Beacon St,300,312,297,307,02143,02143
Museum St,117,199,nan,nan,02143,nan
Beckwith Cir,298,200,1,99,02143,02143
Beckwith Cir,98,2,nan,nan,02143,nan
Beacon St,nan,nan,213,221,nan,02143
Beacon St,nan,nan,197,211,nan,02143
Beacon St,nan,nan,191,195,nan,02143
Spring St,46,98,47,99,02143,02143
Spring St,28,44,29,45,02143,02143
Mardell Cir,2,98,1,99,02143,02143
Spring St,22,26,nan,nan,02143,nan
Belmont Sq,nan,nan,1,7,nan,02143
Spring St,12,20,11,27,02143,02143
Pitman St,40,98,43,99,02143,02143
Belmont Ter,1,99,nan,nan,02143,nan
Belmont Ter,nan,nan,2,98,nan,02143
Belmont Sq,nan,nan,9,99,nan,02143
Belmont Pl,2,98,1,99,02143,02143
Summer St,184,194,183,195,02143,02143
Park St,nan,nan,39,47,nan,02143
Ivaloo St,2,22,1,23,02143,02143
Harrison St,2,22,1,29,02143,02143
Harrison St,24,98,31,99,02143,02143
Spring St,2,10,1,9,02143,02143
Village St,3,1,nan,nan,02143,nan
Central St,6,14,1,15,02143,02143
Cypress St,2,98,1,99,02143,02143
Beech St,nan,nan,15,99,nan,02143
Atherton St,2,20,1,21,02143,02143
Atherton St,22,46,23,35,02143,02143
Pitman St,2,38,1,41,02143,02143
Atherton St,48,98,37,63,02143,02143
Somerville Ave,nan,nan,567,573,nan,02143
Somerville Ave,nan,nan,575,583,nan,02143
Beacon St,nan,nan,223,251,nan,02143
Ivaloo St,36,98,39,99,02143,02143
Mondamin Ct,2,98,1,99,02143,02143
Gussie Ter,2,98,1,99,02143,02143
School St,110,128,107,143,02143,02143
Oxford St,2,54,1,51,02143,02143
Trull Ln,1,99,2,98,02143,02143
Highland Ave,96,124,95,125,02143,02143
Porter St,106,198,105,199,02143,02143
Conwell St,2,98,1,19,02143,02143
Woodbine St,99,1,98,2,02143,02143
Centre St,2,98,1,17,02143,02143
Albion St,44,90,41,85,02143,02143
Crocker St,2,98,1,99,02143,02143
Crown St,64,98,15,99,02143,02143
Central St,98,104,95,103,02143,02143
Park St,32,56,49,61,02143,02143
Park St,58,62,nan,nan,02143,nan
Morgan St,99,1,98,2,02143,02143
Ivaloo St,24,34,25,37,02143,02143
Bleachery Ct,1,99,2,98,02143,02143
Benton Rd,48,74,nan,nan,02143,nan
Gibbens St,32,98,31,99,02143,02143
Benton Rd,36,46,35,51,02143,02143
Benton Rd,16,34,nan,nan,02143,nan
Benton Rd,2,14,1,33,02143,02143
Summer St,172,182,171,181,02143,02143
Spring Hill Ter,99,1,98,2,02143,02143
Waldo St,2,98,1,99,02143,02143
Highland Ave,164,178,161,173,02143,02143
Central St,110,112,nan,nan,02143,nan
Central St,106,108,105,115,02143,02143
Centre St,nan,nan,19,99,nan,02143
Harvard St,24,98,25,99,02143,02143
Harvard Pl,2,98,1,99,02143,02143
Highland Ave,154,162,155,159,02143,02143
Central St,76,82,73,77,02143,02143
Gibbens St,2,30,1,29,02143,02143
Miner St,99,1,98,2,02145,02145
Sycamore St,32,40,nan,nan,02143,nan
Sycamore St,62,66,57,69,02145,02145
Sycamore St,54,60,49,55,02145,02145
Pembroke Ct,98,2,1,99,02145,02145
Pembroke St,2,12,1,15,02145,02145
Sycamore St,46,52,nan,nan,02143,nan
Sycamore St,42,44,33,47,02143,02143
Willoughby St,2,98,1,99,02143,02143
Central St,66,74,61,71,02143,02143
Cambria St,2,98,1,99,02143,02143
Central St,50,52,nan,nan,02143,nan
Central St,44,48,nan,nan,02143,nan
Summer St,150,170,149,169,02143,02143
Westwood Rd,99,1,98,2,02143,02143
Central St,32,42,33,49,02143,02143
Monmouth St,2,98,1,99,02143,02143
Central St,60,64,nan,nan,02143,nan
Central St,54,58,51,59,02143,02143
Berkeley St,2,38,1,39,02143,02143
School St,70,90,77,91,02143,02143
Avon St,99,1,98,2,02143,02143
Berkeley St,40,98,41,99,02143,02143
Hersey St,2,98,1,99,02143,02143
Oxford St,56,144,53,99,02143,02143
Highland Ave,136,152,137,153,02143,02143
Highland Ave,126,134,127,135,02143,02143
Central St,94,96,nan,nan,02143,nan
Central St,84,92,79,91,02143,02143
Sycamore St,2,22,1,19,02143,02143
School St,130,144,nan,nan,02143,nan
Madison St,99,1,98,2,02143,02143
School St,92,108,93,105,02143,02143
Central St,2,4,nan,nan,02143,nan
Somerville Ave,nan,nan,521,565,nan,02143
Central St,26,30,nan,nan,02143,nan
Cleveland St,2,98,1,99,02143,02143
Harvard St,14,22,13,23,02143,02143
Central St,16,24,17,31,02143,02143
Harvard St,2,12,1,11,02143,02143
School St,nan,nan,59,75,nan,02143
Summer St,68,106,69,105,02143,02143
Summer St,108,116,107,117,02143,02143
Summer St,118,124,119,125,02143,02143
Summer St,126,136,127,137,02143,02143
Summer St,138,148,139,147,02143,02143
Laurel St,34,40,31,41,02143,02143
Laurel St,28,32,25,29,02143,02143
Laurel Ave,2,98,1,99,02143,02143
Laurel St,22,26,17,23,02143,02143
Laurel St,2,20,1,15,02143,02143
Somerville Ave,504,518,nan,nan,02143,nan
Somerville Ave,nan,nan,501,519,nan,02143
Broadway,190,202,nan,nan,02145,nan
Broadway,204,214,nan,nan,02145,nan
McGrath Hwy,nan,nan,601,691,nan,02145
Cross St,30,36,nan,nan,02145,nan
Carter Ter,2,98,1,99,02143,02143
Park St,2,30,1,27,02143,02143
Allen Ct,2,98,1,99,02143,02143
Park St,nan,nan,29,37,nan,02143
Properzi Way,2,38,1,29,02143,02143
Rev Nazareno Properzi Way,2,38,1,29,02143,02143
Somerville Ave,500,502,nan,nan,02143,nan
Properzi Way,nan,nan,57,69,nan,02143
Rev Nazareno Properzi Way,nan,nan,57,69,nan,02143
Eliot St,2,98,1,99,02143,02143
Park St,64,98,63,99,02143,02143
Properzi Way,82,198,71,149,02143,02143
Rev Nazareno Properzi Way,82,198,71,149,02143,02143
Beacon St,nan,nan,169,181,nan,02143
Arnold Ct,1,99,2,98,02143,02143
Tyler St,2,98,1,99,02143,02143
Hanson St,14,24,15,21,02143,02143
Skehan St,20,98,19,99,02143,02143
Durham St,22,98,17,99,02143,02143
Beacon St,nan,nan,147,159,nan,02143
Hanson St,2,12,1,13,02143,02143
Greene St,99,17,98,14,02143,02143
Greene St,2,12,1,15,02143,02143
School St,34,50,31,47,02143,02143
Osgood St,13,1,98,2,02143,02143
Osgood St,99,15,nan,nan,02143,nan
Laurel Ter,2,98,1,99,02143,02143
Preston Rd,2,98,1,99,02143,02143
Prescott St,2,98,1,99,02143,02143
Summer St,52,66,51,67,02143,02143
Highland Ave,84,94,79,93,02143,02143
Dane St,2,30,1,29,02143,02143
Tyler Ct,1,99,2,98,02143,02143
Tower Ct,2,98,1,99,02143,02143
Somerville Ave,nan,nan,483,499,nan,02143
Somerville Ave,462,498,463,481,02143,02143
Granite St,14,98,11,99,02143,02143
Granite St,2,12,1,9,02143,02143
Loring St,2,98,1,99,02143,02143
Leland St,2,98,1,99,02143,02143
Washington St,346,360,351,359,02143,02143
Washington St,362,370,361,367,02143,02143
Dane St,54,98,51,99,02143,02143
Dane St,46,52,43,49,02143,02143
Dane Ave,99,13,46,2,02143,02143
Dane Ave,nan,nan,98,50,nan,02143
Washington St,300,306,289,307,02143,02143
Washington St,308,316,309,317,02143,02143
Washington St,318,326,319,327,02143,02143
Washington St,328,344,329,339,02143,02143
Washington St,nan,nan,341,349,nan,02143
Dane St,32,44,31,41,02143,02143
Nevada Ave,99,1,98,2,02143,02143
Knapp St,99,1,98,2,02143,02143
School St,2,12,1,13,02143,02143
Somerville Ave,400,460,435,461,02143,02143
Skehan St,2,18,1,17,02143,02143
Newton St,1,3,nan,nan,02143,nan
Clark St,99,1,98,2,02143,02143
Lincoln Pkwy,2,14,1,99,02143,02143
Lincoln Pkwy,16,98,nan,nan,02143,nan
Perry St,99,45,nan,nan,02143,nan
Perry St,43,1,98,2,02143,02143
Bowdoin St,17,1,16,2,02143,02143
Bowdoin St,99,19,98,18,02143,02143
Fremont Ave,2,98,1,9,02143,02143
Fremont Ave,nan,nan,11,99,nan,02143
Parker St,99,1,98,2,02143,02143
Hawkins St,2,98,11,99,02143,02143
Washington St,nan,nan,285,287,nan,02143
Somerville Ave,nan,nan,413,423,nan,02143
Somerville Ave,nan,nan,391,411,nan,02143
Church St,nan,nan,1,29,nan,02143
Lake St,nan,nan,41,99,nan,02143
Lake St,12,98,1,39,02143,02143
Olive Sq,99,1,98,2,02143,02143
Lake St,2,10,nan,nan,02143,nan
Quincy St,2,98,1,99,02143,02143
School St,14,32,15,29,02143,02143
School St,52,68,49,57,02143,02143
Otis St,2,48,1,41,02145,02145
Bonair St,36,40,nan,nan,02145,nan
Bonair St,20,34,21,41,02145,02145
Bonair St,2,18,15,19,02145,02145
Bonair St,nan,nan,1,13,nan,02145
Cross St,38,40,31,49,02145,02145
Everett Ave,20,98,19,99,02145,02145
Macarthur St,2,98,1,99,02145,02145
Autumn St,2,6,1,5,02145,02145
Autumn St,8,98,7,99,02145,02145
Rush St,26,60,nan,nan,02145,nan
Ellsworth St,2,98,1,99,02145,02145
Brook St,12,98,11,99,02145,02145
Glen St,34,36,29,39,02145,02145
Glen St,38,64,41,65,02145,02145
Glen St,66,84,nan,nan,02145,nan
Pearl St,100,114,nan,nan,02145,nan
Brook St,2,10,1,9,02145,02145
Broadway,184,188,nan,nan,02145,nan
Blakeley Ave,40,66,nan,nan,02145,nan
Cross St,2,14,1,15,02145,02145
Cross Street Pl,2,98,1,99,02145,02145
Louisburg Pl,2,98,1,99,02145,02145
Broadway,168,182,nan,nan,02145,nan
Glen St,2,32,1,27,02145,02145
Rush St,2,24,1,25,02145,02145
Broadway,122,146,nan,nan,02145,nan
Franklin St,26,38,25,35,02145,02145
Webster St,16,98,15,99,02145,02145
Webster St,2,14,1,13,02145,02145
Broadway,148,166,nan,nan,02145,nan
Cross St,16,28,17,29,02145,02145
Cross St E,38,98,nan,nan,02145,nan
Cross St E,nan,nan,37,99,nan,02145
Blakeley Ave,2,38,1,99,02145,02145
Pennsylvania Ave,100,198,117,199,02145,02145
Pennsylvania Ave,nan,nan,101,115,nan,02145
Connecticut Ave,2,98,1,99,02145,02145
Rhode Island Ave,2,98,1,99,02145,02145
Pennsylvania Ave,nan,nan,85,99,nan,02145
Cutter St,2,12,1,11,02145,02145
Cutter St,14,22,13,19,02145,02145
Cutter St,nan,nan,21,25,nan,02145
Cutter St,24,34,27,33,02145,02145
Cutter St,36,98,35,99,02145,02145
Bishop Pl,2,98,1,99,02145,02145
Broadway,102,120,nan,nan,02145,nan
Franklin St,50,52,nan,nan,02145,nan
Franklin St,54,60,53,59,02145,02145
Oliver St,2,12,1,15,02145,02145
Oliver St,nan,nan,17,25,nan,02145
Palmer Ave,1,99,2,98,02145,02145
Franklin St,70,76,nan,nan,02145,nan
Franklin St,78,98,81,93,02145,02145
Hadley Ct,2,98,1,99,02145,02145
Knowlton St,16,98,29,99,02145,02145
Knowlton St,nan,nan,19,27,nan,02145
Morton St,2,98,1,99,02145,02145
Glen St,136,156,143,199,02145,02145
Reeds Ct,99,1,2,98,02145,02145
Franklin St,62,68,61,79,02145,02145
Washington St,nan,nan,101,129,nan,02143
Linwood St,2,98,1,99,02143,02143
Fitchburg St,nan,nan,1,99,nan,02143
Chestnut St,99,1,98,2,02143,02143
Joy St,99,1,98,2,02143,02143
Glen St,158,198,nan,nan,02145,nan
Knowlton St,2,14,1,17,02145,02145
Perkins St,134,198,143,199,02145,02145
Myrtle St,72,98,71,99,02145,02145
Pearl St,62,70,53,69,02145,02145
Franklin St,20,24,15,23,02145,02145
Myrtle St,54,70,43,69,02145,02145
Franklin Pl,2,98,1,99,02145,02145
Franklin St,2,10,1,13,02145,02145
Franklin St,12,18,nan,nan,02145,nan
Remick Ct,2,98,1,99,02145,02145
Broadway,88,100,nan,nan,02145,nan
Florence St,54,98,49,99,02145,02145
Pearl St,48,60,nan,nan,02145,nan
Perkins St,124,132,127,141,02145,02145
Florence St,30,52,29,47,02145,02145
Myrtle Ct,1,99,2,98,02145,02145
Myrtle St,34,52,31,41,02145,02145
Washington St,2,30,21,57,02143,02143
Inner Belt Rd,2,38,1,31,02143,02143
Washington St,nan,nan,81,99,nan,02143
Franklin St,100,198,95,199,02145,02145
Franklin Ave,2,98,1,199,02145,02145
New Washington St,98,26,nan,nan,02143,nan
Washington St,84,104,65,79,02143,02143
Washington St,62,82,nan,nan,02143,nan
Washington St,32,60,59,63,02143,02143
1st Ave,2,98,1,99,02143,02143
Murdock St,14,98,17,99,02145,02145
N Union St,2,98,1,99,02145,02145
Mystic Ave,62,180,101,199,02145,02145
Mystic Ave,182,188,nan,nan,02145,nan
Vermont Ave,2,98,99,1,02145,02145
New Hampshire Ave,2,98,99,1,02145,02145
Pennsylvania Ave,nan,nan,67,83,nan,02145
Maine Ter,2,98,1,99,02145,02145
Maine Ave,2,98,1,99,02145,02145
Pennsylvania Ave,nan,nan,53,65,nan,02145
Pennsylvania Ave,nan,nan,49,51,nan,02145
Lincoln St,24,98,15,99,02145,02145
Perkins St,118,122,121,125,02145,02145
Arlington St,18,98,15,99,02145,02145
Arlington St,2,16,1,13,02145,02145
Broadway,70,76,nan,nan,02145,nan
Broadway,78,86,nan,nan,02145,nan
Hathorn St,2,98,1,99,02145,02145
Mystic Ave,40,52,35,99,02145,02145
Broadway,10,28,nan,nan,02145,nan
Benedict St,2,22,1,99,02145,02145
Austin St,10,98,9,99,02145,02145
Broadway,64,68,nan,nan,02145,nan
Lincoln St,2,16,1,13,02145,02145
Lincoln St,18,22,nan,nan,02145,nan
Broadway Pl,2,98,1,99,02145,02145
George St,1,9,2,98,02145,02145
George St,13,99,nan,nan,02145,nan
Lincoln Ave,16,26,11,23,02145,02145
Lincoln Pl,2,98,1,99,02145,02145
Lincoln Ave,28,98,25,99,02145,02145
Broadway,46,62,nan,nan,02145,nan
Mystic Ave,2,38,1,33,02145,02145
Benedict St,24,98,nan,nan,02145,nan
Beacon St,nan,nan,183,189,nan,02143
Beacon St,100,104,101,103,02143,02143
Smith Ave,2,98,1,99,02143,02143
Line St,2,42,1,99,02143,02138
Washington St,408,498,415,499,02143,02143
Beacon St,106,198,105,145,02143,02143
Line St,44,50,nan,nan,02143,nan
Hanson St,44,98,47,99,02143,02143
Washington St,388,406,389,413,02143,02143
Durham St,2,20,1,15,02143,02143
Hanson St,26,42,23,45,02143,02143
Line St,52,56,nan,nan,02143,nan
Calvin St,34,98,35,99,02143,02143
Beacon St,90,98,91,99,02143,02143
Beacon Pl,2,98,1,199,02143,02143
Caldwell Ave,99,1,98,2,02143,02143
Washington St,372,386,369,387,02143,02143
Calvin St,2,32,1,33,02143,02143
Beacon St,66,78,67,75,02143,02143
Cooney St,99,1,2,98,02143,02143
Line St,64,68,nan,nan,02143,nan
Beacon St,80,88,77,89,02143,02143
Hanson Ave,98,2,1,99,02143,02143
Waldo Ave,99,1,98,2,02143,02143
Dimick St,56,98,53,99,02143,02143
Rose St,99,1,98,2,02143,02143
Lewis St,nan,nan,1,17,nan,02143
Magnus Ave,41,1,98,2,02143,02143
Marion St,50,76,53,73,02143,02143
Marion St,78,198,75,199,02143,02143
Magnus Ave,99,43,nan,nan,02143,nan
Lewis St,2,98,19,33,02143,02143
Lewis St,nan,nan,35,99,nan,02143
Line St,86,198,133,189,02143,02139
Beacon St,28,64,25,65,02143,02143
Beacon St,2,26,1,23,02143,02143
Buckingham St,2,98,1,99,02143,02143
Dimick St,32,54,37,51,02143,02143
Harold St,2,98,1,99,02143,02143
Dimick St,16,30,25,35,02143,02143
Concord Ave,nan,nan,97,99,nan,02143
Concord Ave,98,198,101,199,02143,02143
Dimick St,2,14,1,23,02143,02143
Hammond St,99,1,98,2,02143,02143
Dickinson St,40,98,45,99,02143,02143
Mount Pleasant St,2,98,1,99,02145,02145
Perkins St,4,84,69,85,02145,02145
Mount Vernon St,22,32,25,39,02145,02145
Mount Vernon St,2,20,1,23,02145,02145
Perkins St,86,96,87,99,02145,02145
Perkins St,98,108,101,107,02145,02145
Perkins St,110,116,109,119,02145,02145
Lincoln Ave,2,14,1,9,02145,02145
Pinckney St,58,98,57,99,02145,02145
Pinckney St,42,56,43,55,02145,02145
Pearl St,38,46,39,51,02145,02145
Pinckney St,32,40,31,41,02145,02145
Pinckney St,2,30,1,29,02145,02145
Florence St,2,28,1,27,02145,02145
Mount Vernon St,54,60,59,65,02145,02145
Wheeler St,2,98,1,99,02145,02145
Pinckney Pl,2,98,99,1,02145,02145
Mount Vernon St,34,52,41,57,02145,02145
Perkins St,nan,nan,1,67,nan,02145
Mount Pleasant Ct,98,2,1,99,02145,02145
Mount Vernon St,100,198,83,199,02145,02145
Mount Vernon St,64,98,67,81,02145,02145
Inner Belt Rd,nan,nan,33,99,nan,02143
Poplar St,nan,nan,33,99,nan,02143
Linwood St,100,198,101,199,02143,02143
Medford St,2,16,nan,nan,02143,nan
Medford St,18,46,nan,nan,02143,nan
Medford St,48,98,nan,nan,02143,nan
Ward St,5,13,1,3,02143,02143
Ward St,nan,nan,2,20,nan,02143
South St,nan,nan,1,31,nan,02143
3rd Ave,1,99,2,64,02143,02143
Tennyson St,2,22,1,15,02145,02145
Pembroke St,18,98,17,99,02145,02145
Central St,114,124,121,123,02145,02145
Lee St,2,98,1,99,02145,02145
Richdale Ave,48,98,45,99,02145,02145
Sycamore St,68,86,71,99,02145,02145
Sycamore St,122,130,117,131,02145,02145
Medford St,408,420,413,421,02145,02145
Forster St,2,16,1,11,02145,02145
Pembroke St,14,16,nan,nan,02145,nan
Jerome St,2,98,1,99,02143,02143
Montrose St,48,50,47,99,02143,02143
Montrose St,54,98,nan,nan,02143,nan
Jerome Ct,2,98,1,99,02143,02143
Richdale Ave,34,46,35,43,02145,02145
Richdale Ave,22,24,nan,nan,02145,nan
Richdale Ave,28,32,nan,nan,02145,nan
Richdale Ave,2,20,1,33,02145,02145
Montrose St,2,26,1,33,02143,02143
Montrose Ct,2,98,1,99,02143,02143
Montrose St,28,46,35,45,02143,02143
School St,146,162,nan,nan,02143,nan
Thurston St,2,12,1,11,02145,02145
Highland Ave,28,64,nan,nan,02143,nan
Highland Ave,66,74,nan,nan,02143,nan
Highland Ave,76,82,nan,nan,02143,nan
Medford St,nan,nan,301,325,nan,02143
Marshall St,90,98,85,99,02145,02145
Medford St,300,360,327,363,02145,02145
Stickney Ave,99,1,98,2,02145,02145
Summer St,44,50,39,49,02143,02143
Church St,2,98,31,99,02143,02143
Essex St,2,98,1,99,02145,02145
School St,170,178,nan,nan,02145,nan
Walnut St,100,110,101,113,02145,02145
Pearl St,240,298,243,299,02145,02145
Skilton Ave,2,98,1,99,02145,02145
Pearl St,214,224,215,223,02145,02145
Bow St,38,48,39,49,02143,02143
Bow Street Pl,2,98,1,99,02143,02143
Bow St,58,98,55,99,02143,02143
Summer St,36,42,19,37,02143,02143
Summer St,nan,nan,2,4,nan,02143
Summer St,12,34,nan,nan,02143,nan
Summer St,6,10,1,17,02143,02143
Carlton St,99,1,98,2,02143,02143
Somerville Ave,378,398,377,389,02143,02143
Bow St,2,4,1,5,02143,02143
Somerville Ave,322,376,295,367,02143,02143
Somerville Ave,nan,nan,369,375,nan,02143
Bow St,6,36,19,29,02143,02143
Bow St,nan,nan,7,17,nan,02143
Putnam St,36,98,33,99,02143,02143
Putnam St,2,34,1,31,02143,02143
Vinal Ave,60,98,57,99,02143,02143
Vinal Ave,50,58,49,55,02143,02143
Vinal Ave,40,48,39,47,02143,02143
Vinal Ave,30,38,25,37,02143,02143
Vinal Ave,2,28,1,23,02143,02143
Lawson Ter,99,1,98,2,02143,02143
Walnut St,44,48,nan,nan,02143,nan
Walnut St,38,42,39,51,02143,02143
Aldersey St,2,98,1,99,02143,02143
Summit Ave,2,98,1,99,02143,02143
Munroe St,nan,nan,37,51,nan,02143
Columbus Ave,50,58,53,59,02143,02143
Columbus Ave,60,98,61,99,02143,02143
Walnut St,26,36,29,37,02143,02143
Munroe St,62,98,71,199,02143,02143
Munroe St,nan,nan,53,69,nan,02143
Hillside Park,2,98,1,99,02143,02143
Wesley Park,2,98,1,99,02143,02143
Hawkins St,nan,nan,1,9,nan,02143
Kilby St,2,98,1,99,02143,02143
Washington St,nan,nan,263,271,nan,02143
Washington St,266,268,273,275,02143,02143
May Pl,99,1,98,2,02143,02143
Webster Ave,24,46,1,37,02143,02143
Kingman Rd,2,98,1,99,02143,02143
Webster Ave,2,22,nan,nan,02143,nan
Warren Ave,24,98,27,99,02143,02143
Sanborn Ave,2,98,1,99,02143,02143
Walnut St,12,24,1,27,02143,02143
Greenville St,2,12,1,11,02143,02143
Greenville Ct,2,98,1,99,02143,02143
Hamlet St,2,24,1,23,02143,02143
Medford St,200,298,nan,nan,02143,nan
Warren Ave,2,22,1,25,02143,02143
Walnut St,2,10,nan,nan,02143,nan
Stone Ave,22,98,25,99,02143,02143
Stone Ave,2,20,1,23,02143,02143
Marshall St,30,34,25,31,02145,02145
Marshall St,36,42,33,39,02145,02145
Evergreen Ave,2,16,1,17,02145,02145
Marshall St,44,46,41,45,02145,02145
Marshall St,48,60,47,55,02145,02145
Maple Ave,99,1,98,2,02145,02145
Broadway,284,300,nan,nan,02145,nan
Sargent Ave,2,10,1,11,02145,02145
Sherman Ct,2,98,1,99,02145,02145
Walnut St,nan,nan,153,155,nan,02145
Walnut St,144,152,145,151,02145,02145
Jackson Rd,2,18,1,15,02145,02145
Jackson Rd,20,98,17,33,02145,02145
Jackson Rd,nan,nan,35,99,nan,02145
Bradley St,26,98,23,99,02145,02145
Radcliffe Rd,28,98,29,99,02145,02145
Marshall St,68,72,69,71,02145,02145
Marshall St,nan,nan,57,61,nan,02145
Mortimer Pl,2,98,1,99,02145,02145
Mortimer Pl,nan,nan,7-01,7-99,nan,02145
Marshall St,74,80,73,77,02145,02145
Sellon Pl,2,98,1,99,02145,02145
Howe St,99,1,98,2,02145,02145
Bradley St,2,24,1,21,02145,02145
Marshall St,82,88,79,83,02145,02145
James St,2,98,1,99,02145,02145
Pearl St,226,238,227,241,02145,02145
Radcliffe Rd,14,26,13,27,02145,02145
Walnut St,136,142,137,143,02145,02145
Walnut St,128,134,129,135,02145,02145
Radcliffe Rd,2,12,1,11,02145,02145
Walter Ter,2,98,1,99,02145,02145
Walnut St,112,126,115,127,02145,02145
Walnut St,164,198,167,199,02145,02145
Walnut Rd,2,20,1,19,02145,02145
Kenneson Rd,2,98,1,99,02145,02145
Broadway,224,230,nan,nan,02145,nan
Broadway,232,248,nan,nan,02145,nan
Broadway,250,264,nan,nan,02145,nan
Broadway,274,282,nan,nan,02145,nan
Broadway,nan,nan,207,257,nan,02145
Walnut Rd,22,198,23,99,02145,02145
Sargent Ave,12,98,13,99,02145,02145
Melvin St,99,1,98,2,02145,02145
Bonair St,62,68,63,69,02145,02145
Bonair St,70,98,71,99,02145,02145
Walnut St,156,162,157,165,02145,02145
Wellington Ave,2,10,1,13,02145,02145
Wellington Ave,12,98,15,99,02145,02145
Montgomery Ave,2,98,1,99,02145,02145
Blakeley Ave,68,98,41-01,41-99,02145,02145
Kensington Ave,2,74,1,75,02145,02145
Broadway,nan,nan,197,205,nan,02145
Wigglesworth St,38,98,37,99,02145,02145
McGregor Ave,99,1,98,2,02145,02145
Wigglesworth St,34,36,nan,nan,02145,nan
Wigglesworth St,nan,nan,31,35,nan,02145
Sunnyside Ave,99,1,98,2,02145,02145
Edmands St,99,1,98,2,02145,02145
Bonair St,42,60,43,61,02145,02145
Wigglesworth St,2,32,1,29,02145,02145
Pearl St,nan,nan,197,199,nan,02145
Pearl St,200,202,201,203,02145,02145
Gilman Ter,2,98,1,99,02145,02145
Dana St,42,98,39,99,02145,02145
Otis St,50,62,nan,nan,02145,nan
Otis St,64,98,43,99,02145,02145
Jasper St,nan,nan,1,9,nan,02145
Pearl St,204,212,205,213,02145,02145
Jasper St,2,98,11,99,02145,02145
Gilman St,96,198,97,199,02145,02145
Virginia St,2,98,1,99,02145,02145
Holland St,96,98,nan,nan,02144,nan
Warner St,2,12,nan,nan,02144,nan
Bond St,2,22,1,25,02145,02145
Langmaid Ave,2,98,1,99,02145,02145
Mystic Valley Pkwy,626,698,2101,2199,02144,02155
Mystic Valley Pkwy,500,534,601,699,02155,02144
Mystic Valley Pkwy,nan,nan,515,599,nan,02144
Mystic Valley Pkwy,nan,nan,485,513,nan,02144
Alewife Brook Pkwy,106,392,101,199,02144,02144
Alewife Brook Pkwy,nan,nan,395,499,nan,02144
Alewife Brook Pkwy,nan,nan,379,393,nan,02144
Alewife Brook Pkwy,nan,nan,359,377,nan,02144
Alewife Brook Pkwy,nan,nan,343,357,nan,02144
Alewife Brook Pkwy,nan,nan,323,341,nan,02144
Alewife Brook Pkwy,nan,nan,201,321,nan,02144
Tilton Ln,nan,nan,1,99,nan,02144
Irvington Rd,2,98,1,99,02144,02144
Capen St,199,1,nan,nan,02144,nan
Capen Ct,98,2,99,1,02144,02144
Alewife Brook Pkwy,394,398,nan,nan,02144,nan
Gordon St,2,46,1,53,02144,02144
Woods Ave,2,198,1,199,02144,02144
North St,172,184,nan,nan,02144,nan
Gordon St,48,98,55,99,02144,02144
Sterling St,2,98,1,99,02144,02144
W Quincy St,2,72,75,87,02144,02155
W Adams St,2,114,1,115,02144,02144
Bailey St,2,14,1,17,02144,02144
W Quincy St,90,198,89,199,02144,02144
Powder House Blvd,258,298,251,261,02144,02144
North St,2,44,1,11,02144,02144
Broadway,nan,nan,1307,1399,nan,02144
Broadway,1320,1368,nan,nan,02144,nan
Waterhouse St,2,98,1,199,02144,02144
Woodstock St,110,198,nan,nan,02144,nan
Alewife Brook Pkwy,32,104,nan,nan,02144,nan
Victoria St,70,98,nan,nan,02144,nan
Woodstock St,2,108,1,99,02144,02144
Victoria St,2,66,1,67,02144,02144
Broadway,1292,1318,1291,1305,02144,02144
North St,124,138,125,139,02144,02144
North St,110,122,111,123,02144,02144
High St,98,2,1,99,02144,02144
Bailey St,16,98,19,99,02144,02144
North St,84,98,89,99,02144,02144
North St,66,82,67,87,02144,02144
North St,46,64,13,65,02144,02144
Powder House Blvd,nan,nan,267,289,nan,02144
W Adams St,116,126,117,121,02144,02144
W Adams St,128,198,123,199,02144,02144
Conwell Ave,74,92,73,93,02144,02144
College Hill Rd,2,98,1,99,02144,02144
Dow St,2,98,1,99,02144,02144
Ware St,44,98,nan,nan,02144,nan
Russell Rd,38,98,37,43,02144,02144
Russell Rd,nan,nan,45,99,nan,02144
Barton St,2,98,1,99,02144,02144
Hamilton Rd,2,18,1,9,02144,02144
Curtis St,nan,nan,85,91,nan,02144
Conwell Ave,94,198,95,199,02144,02144
Conwell Ave,56,72,53,71,02144,02144
Conwell Ave,2,54,1,51,02144,02144
Belknap St,2,98,1,99,02144,02144
Broadway,nan,nan,1259,1269,nan,02144
Broadway,1266,1290,1271,1289,02144,02144
Hamilton Rd,20,38,11,99,02144,02144
Curtis St,78,88,79,83,02144,02144
Curtis St,66,76,73,77,02144,02144
Powder House Blvd,168,180,165,179,02144,02144
Powder House Blvd,182,198,181,189,02144,02144
Powder House Blvd,200,256,191,249,02144,02144
Hardan Rd,2,98,1,99,02144,02144
Ware St,20,42,23,99,02144,02144
Hillsdale Rd,100,198,121,135,02144,02144
Hillsdale Rd,nan,nan,137,199,nan,02144
Chetwynd Rd,52,98,57,99,02144,02144
Garrison Ave,2,98,1,99,02144,02144
Hooker Ave,78,98,79,99,02144,02144
Russell Rd,2,36,1,35,02144,02144
Broadway,1244,1264,1201,1257,02144,02144
Hamilton Rd,40,98,nan,nan,02144,nan
Mystic Valley Pkwy,1204,1298,nan,nan,02144,nan
Mystic Valley Pkwy,1300,1384,nan,nan,02144,nan
Weston Ave,2,98,1,99,02144,02144
Clarendon Ave,30,38,35,61,02144,02144
Clarendon Ave,42,98,65,99,02144,02144
Hooker Ave,58,76,59,77,02144,02144
Hooker Ave,2,56,1,57,02144,02144
Endicott Ave,2,98,1,99,02144,02144
Broadway,1198,1212,nan,nan,02144,nan
Curtis St,32,48,33,49,02144,02144
Curtis St,nan,nan,25,31,nan,02144
Fairmount Ave,2,22,1,17,02144,02144
Fairmount Ave,24,34,19,33,02144,02144
Fairmount Ave,36,98,35,45,02144,02144
Fairmount Ave,nan,nan,47,99,nan,02144
Ware St,2,18,1,21,02144,02144
Broadway,nan,nan,1133,1151,nan,02144
Clarendon Ave,2,16,1,33,02144,02144
Clarendon Ave,20,28,nan,nan,02144,nan
Broadway,1150,1168,nan,nan,02144,nan
Farragut Ave,2,98,1,99,02144,02144
Broadway,1214,1242,nan,nan,02144,nan
Curtis St,50,64,51,71,02144,02144
Dickson St,2,98,1,99,02144,02144
Watson St,99,1,98,2,02144,02144
Hill St,2,98,1,99,02144,02144
Broadway,1170,1196,nan,nan,02144,nan
Broadway,nan,nan,1153,1199,nan,02144
Moore St,2,98,1,99,02144,02144
Mead St,16,98,19,99,02144,02144
Mead St,2,14,1,17,02144,02144
Cameron Ave,32,44,27,41,02144,02144
Cameron Ave,nan,nan,49,51,nan,02144
Malvern Ave,2,98,1,99,02144,02144
Yorktown St,107,199,100,198,02144,02144
Yorktown St,85,105,86,98,02144,02144
Yorktown St,1,83,2,84,02144,02144
Holland St,232,298,229,299,02144,02144
Cameron Ave,60,74,61,73,02144,02144
Cameron Ave,84,98,nan,nan,02144,nan
Seven Pines Ave,nan,nan,1,13,nan,02144
Glendale Ave,2,98,1,99,02144,02144
Cameron Ave,76,82,nan,nan,02144,nan
Howard St,2,16,nan,nan,02144,nan
Thorndike St,28,36,nan,nan,02144,nan
Elmwood St,nan,nan,14-3,14-99,nan,02144
Elmwood St,nan,nan,87,99,nan,02144
Elmwood St,64,98,65,85,02144,02144
Harrison Rd,2,98,1,99,02144,02144
Howard St,18,98,1,99,02144,02144
Cameron Ave,46,58,53,59,02144,02144
Elmwood St,2,48,1,49,02144,02144
Elmwood St,50,62,51,63,02144,02144
Cameron Ave,10,14,1,15,02144,02144
Cameron Ave,20,28,19,25,02144,02144
Holland St,152,184,nan,nan,02144,nan
Kingston St,20,40,23,35,02144,02144
Kingston St,42,44,37,43,02144,02144
Campbell Park Pl,2,98,1,99,02144,02144
Kingston St,46,98,45,99,02144,02144
Orchard St,152,198,147,199,02144,02144
Dover St,45,53,50,54,02144,02144
Hillsdale Rd,90,98,89,101,02144,02155
Hillsdale Rd,nan,nan,103,119,nan,02144
Curtis St,nan,nan,103,105,nan,02144
Curtis Ave,99,1,98,2,02144,02144
Curtis St,2,30,1,23,02144,02144
Westminster St,99,1,98,2,02144,02144
Broadway,nan,nan,1111,1131,nan,02144
Electric Ave,98,198,95,199,02144,02144
Lovell St,2,98,1,99,02144,02144
Broadway,1094,1148,1097,1109,02144,02144
Electric Ave,80,96,77,93,02144,02144
Holland St,186,198,nan,nan,02144,nan
Claremon St,2,98,1,99,02144,02144
Holland St,200,230,205,227,02144,02144
Holland St,78,94,77,99,02144,02144
Thorndike St,2,26,1,31,02144,02144
Jay St,2,98,1,99,02144,02144
Gorham St,2,98,1,99,02144,02144
Holland St,100,128,101,199,02144,02144
Meacham Rd,33,35,28,36,02144,02144
Campbell Park,99,1,98,2,02144,02144
Meacham Rd,49,99,48,56,02144,02144
Kingston St,2,18,1,21,02144,02144
Meacham Rd,37,47,38,46,02144,02144
Orchard St,132,150,133,145,02144,02144
Chetwynd Rd,nan,nan,1,15,nan,02144
Curtis St,nan,nan,117,129,nan,02144
Teele Ave,2,40,1,41,02144,02144
Powder House Blvd,124,126,101,125,02144,02144
Ossipee Rd,52,98,51,99,02144,02144
Electric Ave,68,78,67,75,02144,02144
Packard Ave,20,34,21,33,02144,02144
Packard Ave,2,18,1,19,02144,02144
Broadway,1046,1072,1071,1081,02144,02144
Whitman St,2,98,1,99,02144,02144
Broadway,1014,1032,1011,1035,02144,02144
Broadway,1034,1044,1037,1051,02144,02144
Paulina St,2,98,1,99,02144,02144
Holland St,130,140,nan,nan,02144,nan
Simpson Ave,2,26,1,27,02144,02144
Buena Vista Rd,nan,nan,1,99,nan,02144
Dover St,121,199,nan,nan,02144,nan
Meacham Rd,nan,nan,58,62,nan,02144
Dover St,55,119,56,198,02144,02144
Glover Cir,2,98,1,99,02144,02144
Day St,21,99,24,56,02144,02144
Chester Pl,2,98,1,99,02144,02144
Chester St,27,39,30,42,02144,02144
Orchard St,114,130,113,131,02144,02144
Victoria St,nan,nan,69,99,nan,02144
Grant St,84,198,79,199,02145,02145
Taylor St,2,98,1,99,02145,02145
Temple St,100,198,101,199,02145,02145
Mystic Ave,532,598,nan,nan,02145,nan
Poplar St,2,98,1,11,02143,02143
Properzi Way,40,80,nan,nan,02143,nan
Rev Nazareno Properzi Way,40,80,nan,nan,02143,nan
Hodgdon Pl,7,99,4,2,02143,02143
Hodgdon Pl,nan,nan,5,1,nan,02143
Greenwood Ter,2,98,1,99,02143,02143
Beacon St,324,326,321,323,02143,02143
Avon Pl,2,98,1,11,02145,02145
Avon Pl,nan,nan,15,99,nan,02145
Mystic Ave,244,264,399,287,02145,02145
Wade Ct,2,98,1,99,02144,02144
Columbia St,495,599,nan,nan,02143,nan
Windsor Pl,600,698,nan,nan,02143,nan
South St,199,101,198,100,02143,02143
Ellington Rd,24,98,23,1,02144,02144
Richardson Ter,2,98,1,99,02145,02145
Vinal St,nan,nan,2,98,nan,02145
Snow Ter,99,1,98,2,02145,02145
Central Rd,nan,nan,28,22,nan,02143
Central Rd,31,35,2,20,02143,02143
Central Rd,98,30,37,99,02143,02143
Sycamore St,24,30,21,31,02143,02143
Central Rd,nan,nan,1,29,nan,02143
Union Sq,1,99,2,98,02143,02143
Broadway,nan,nan,101,195,nan,02145
Garfield Ave,2,98,1,99,02145,02145
Prospect Hill Ave,2,10,1,9,02143,02143
Acadia Park,2,98,1,99,02143,02143
Williams Ct,2,98,1,99,02143,02143
Porter St,16,18,nan,nan,02143,nan
Parker Pl,1,99,2,98,02143,02143
Porter St,2,6,1,5,02143,02143
Eastman Rd,2,98,1,99,02143,02143
Craigie Ter,2,98,1,99,02143,02143
Oak Ter,2,98,1,99,02143,02143
Bellevue Ter,2,98,1,99,02144,02144
Albion St,146,198,143,199,02144,02144
Albion St,126,144,135,141,02144,02144
Elm Pl,98,2,1,99,02143,02143
Park Pl,2,98,1,99,02143,02143
Sycamore St,132,144,133,145,02145,02145
Giles Park,2,98,1,99,02143,02143
Marshall St Cir,2,98,1,99,02145,02145
Greenville Ter,1,99,2,98,02143,02143
Sanborn Ct,2,98,1,99,02143,02143
Royce Pl,2,98,1,99,02145,02145
Pearl Street Pl,2,98,1,199,02145,02145
Adams St,nan,nan,91,99,nan,02144
Meacham Rd,nan,nan,64,98,nan,02144
New Washington St,24,2,99,1,02143,02143
Minnesota Ave,2,98,1,99,02145,02145
Washington Ave,2,98,1,99,02143,02143
Myrtle St,2,32,1,29,02145,02145
Indiana Ave,2,98,1,99,02145,02145
Benedict Ave,98,2,99,1,02145,02145
Elmwood Ter,98,2,1,99,02144,02144
Inner Belt Rd,100,198,101,199,02143,02143
Inner Belt,100,198,101,199,02143,02143
Garden Ct,99,1,98,2,02143,02143
Kent St,24,38,nan,nan,02143,nan
Properzi Way,nan,nan,31,55,nan,02143
Rev Nazareno Properzi Way,nan,nan,31,55,nan,02143
Powder House Blvd,nan,nan,291,293,nan,02144
Thorndike St,38,40,37,99,02144,02144
Thorndike St,nan,nan,42,98,nan,02144
Lester Ter,99,1,98,2,02144,02144
Arlington St,2,98,1,99,02144,02144
Landers St,99,1,98,2,02143,02143
Curtis St,104,112,nan,nan,02144,nan
Cedar St,230,252,223,243,02145,02145
Nashua St,36,98,37,99,02145,02145
Edgar Ave,24,42,11,37,02145,02145
Fenwick St,2,28,1,25,02145,02145
Winter Hill Cir,2,98,99,1,02145,02145
Temple St,nan,nan,87,99,nan,02145
Mystic Ave,190,206,nan,nan,02145,nan
Powder House Blvd,nan,nan,263,265,nan,02144
Mystic Valley Pkwy,832,1202,nan,nan,02144,nan
Broadway,1370,1398,nan,nan,02144,nan
Elm St,nan,nan,141,145,nan,02144
Elm St,94,98,89,99,02144,02144
Cedar St,22,32,23,33,02143,02143
Somerville Ave,nan,nan,689,753,nan,02143
Elm St,nan,nan,1,11,nan,02143
Properzi Way,nan,nan,151,199,nan,02143
Rev Nazareno Properzi Way,nan,nan,151,199,nan,02143
Somerville Ave,nan,nan,425,433,nan,02143
Bow St,50,56,51,53,02143,02143
Bow St,nan,nan,31,37,nan,02143
Temple St,2,28,1,33,02145,02145
Broadway,266,272,nan,nan,02145,nan
Pearl St,nan,nan,175,181,nan,02145
Gilman St,48,56,49,65,02145,02145
McGrath Hwy,300,498,nan,nan,02143,nan
Washington St,270,298,277,283,02143,02143
Bolton St,7,1,14,2,02143,02143
Broadway,216,222,nan,nan,02145,nan
Cross St E,2,36,1,35,02145,02145
Middlesex Ave,nan,nan,1,99,nan,02145
Mystic Ave,224,242,nan,nan,02145,nan
Wisconsin Ave,2,98,1,99,02145,02145
Michigan Ave,2,98,1,99,02145,02145
Illinois Ave,2,98,1,99,02145,02145
Pennsylvania Ave,2,98,1,47,02145,02145
Foley St,152,198,nan,nan,02145,nan
Austin St,2,8,1,7,02145,02145
Pearl St,18,36,21,37,02145,02145
Washington St,162,186,161,179,02143,02143
Poplar St,nan,nan,13,31,nan,02143
McGrath Hwy,2,98,nan,nan,02143,nan
Inner Belt Rd,40,60,nan,nan,02143,nan
Mystic Ave,266,280,285,271,02145,02145
Mystic Ave,400,414,nan,nan,02145,nan
Inner Belt Rd,62,98,nan,nan,02143,nan
Assembly Square Dr,99,1,nan,nan,02145,nan
Powder House Blvd,nan,nan,295,299,nan,02144
3rd Ave,nan,nan,66,98,nan,02143
Middlesex Ave,nan,nan,175,199,nan,02145
McGrath Hwy,nan,nan,801,899,nan,02145
Atherton St,nan,nan,65,99,nan,02143
Mystic Ave,290,296,261,255,02145,02145
Mystic Ave,298,306,253,245,02145,02145
Broadway,55,1,nan,nan,02145,nan
Broadway,99,63,nan,nan,02145,nan
College Ave,nan,nan,149,195,nan,02144
Broadway,311,279,nan,nan,02145,nan
Broadway,329,313,nan,nan,02145,nan
Broadway,333,331,nan,nan,02145,nan
Broadway,379,367,nan,nan,02145,nan
Broadway,385,381,nan,nan,02145,nan
Mystic Ave,282,288,269,263,02145,02145
Broadway,61,57,nan,nan,02145,nan
School St,164,168,nan,nan,02145,nan
Fellsway,200,298,nan,nan,02145,nan
Tannery Brook Row,98,2,99,3,02144,02144
Washington St,159,139,nan,nan,02143,nan
Fitchburg St,2,98,nan,nan,02143,nan
McGrath Hwy,99,1,nan,nan,02143,nan
Charles E Ryan Rd,nan,nan,87,99,nan,02145
Hinckley St,2,16,1,17,02145,02145
Warner St,14,34,1,31,02144,02144
Highland Ave,342,360,347,365,02144,02144
Clifton St,2,20,1,99,02144,02144
Highland Ave,338,340,339,345,02144,02144
Wheatland St,36,56,35,63,02145,02145
Broadway,365,335,nan,nan,02145,nan
Glen St,nan,nan,115,141,nan,02145
Somerville Ave,224,240,nan,nan,02143,nan
Beech St,2,98,1,13,02143,02143
Laurel St,42,98,43,99,02143,02143
North St,140,156,141,199,02144,02144
Lower Campus Rd,nan,nan,2,98,nan,02144
Woodstock St,nan,nan,101,199,nan,02144
Mystic Valley Pkwy,600,624,nan,nan,02144,nan
Alewife Brook Pkwy,2,18,nan,nan,02144,nan
Russell St,17,33,14,36,02144,02140
Roseland St,57,99,68,98,02143,02143
Oxford St,nan,nan,146,198,nan,02143
Eustis St,77,99,72,78,02143,02140
Eustis St,nan,nan,80,98,nan,02143
Sacramento St,77,83,76,86,02143,02143
Museum St,113,115,184,198,02143,02138
Beacon St,nan,nan,161,167,nan,02143
Springfield St,26,40,27,39,02143,02143
Houghton St,2,20,1,19,02139,02143
Tremont St,171,203,174,198,02143,02143
Norfolk St,411,499,414,498,02143,02143
Webster Ave,nan,nan,317,331,nan,02143
Webster Ave,nan,nan,335,399,nan,02143
Webster Ave,nan,nan,201,303,nan,02143
Webster Ave,nan,nan,307,313,nan,02143
Windsor St,501,599,nan,nan,02143,nan
Hunting St,nan,nan,44,98,nan,02143
Bedford St,98,2,1,99,02143,02143
Warren St,51,99,nan,nan,02143,nan
Medford St,nan,nan,1,33,nan,02143
Broadway,437,387,nan,nan,02145,nan
North St,nan,nan,298,190,nan,02144
Curtis St,nan,nan,195,199,nan,02144
Curtis St,140,150,141,143,02144,02144
Curtis St,152,156,nan,nan,02144,nan
Porter Ave,2,98,1,99,02143,02143
Village St,8,16,5,15,02143,02143
Day St,nan,nan,14,22,nan,02144
Chester St,17,25,14,16,02144,02140
Chester St,nan,nan,18,28,nan,02144
Milton St,19,99,20,98,02144,02144
Elm St,196,198,189,201,02140,02144
Marshall St,62,66,63,67,02145,02145
Line St,58,62,nan,nan,02143,nan
Cedar St,2,20,1,19,02143,02143
Cedar St,34,62,35,59,02143,02143
Highland Ave,282,288,283,285,02143,02143
Highland Ave,222,232,221,229,02143,02143
Cedar St,162,198,181,199,02145,02145
Cedar St,254,270,245,299,02145,02145
Somerville Ave,776,786,773,787,02143,02143
Cedar Pl,2,98,1,99,02145,02145
E Albion St,nan,nan,1,7,nan,02145
Broadway,476,498,479,499,02145,02145
Beacon St,260,282,259,277,02143,02143
Beacon St,250,252,253,255,02143,02143
Broadway,466,474,401,477,02145,02155
Upland Rd,2,98,1,99,02144,02144
Sunset Rd,2,98,99,1,02144,02144
Chetwynd Rd,18,20,17,55,02144,02144
Chetwynd Rd,24,50,nan,nan,02144,nan
Chetwynd Rd,2,16,nan,nan,02144,nan
Curtis St,114,120,107,111,02144,02144
Curtis St,96,102,93,101,02144,02144
Raymond Ave,2,198,1,199,02144,02144
Curtis St,90,94,nan,nan,02144,nan
Teele Ave,42,98,47,99,02144,02144
Teele Ave,nan,nan,43,45,nan,02144
Packard Ave,60,84,71,83,02144,02155
Powder House Blvd,128,166,127,163,02144,02144
Broadway,1074,1092,1083,1095,02144,02144
Holland St,nan,nan,201,203,nan,02144
Broadway,nan,nan,1053,1069,nan,02144
Holland St,142,150,nan,nan,02144,nan
Dearborn Rd,nan,nan,65,99,nan,02144
Dearborn Rd,12,18,9,19,02144,02144
Curtis St,nan,nan,113,115,nan,02144
Whitfield Rd,2,10,1,9,02144,02144
Whitfield Rd,28,98,27,99,02144,02144
Whitfield Rd,18,26,21,25,02144,02144
Whitfield Rd,12,16,11,19,02144,02144
Packard Ave,94,100,nan,nan,02144,nan
Line St,70,84,101,131,02143,02139
Mystic Ave,54,60,nan,nan,02145,nan
Broadway,6,8,nan,nan,02145,nan
Broadway,30,44,nan,nan,02145,nan
Meacham Rd,23,31,nan,nan,02144,nan
Newbury St,2,98,1,99,02144,02144
Great River Rd,nan,nan,301,335,nan,02145
Canal St,499,401,nan,nan,02145,nan
Somerville Ave,nan,nan,591,597,nan,02143
Village St,18,98,17,99,02143,02143
Village St,2,6,nan,nan,02143,nan
Village Ter,2,98,99,1,02143,02143
Artisan Way,nan,nan,441,461,nan,02145
Canal St,399,301,nan,nan,02145,nan
Somerville Ave,520,598,585,589,02143,02143
Direnzo Ter,2,98,1,99,02145,02145
Maxwells Grn,1,99,nan,nan,02144,nan
North St,100,108,101,109,02144,02144
Washington St,nan,nan,1,19,nan,02143
Sartwell Ave,nan,nan,1,11,nan,02144
Warwick St,58,98,nan,nan,02145,nan
North St,160,166,nan,nan,02144,nan
Fairfax St,2,98,1,99,02144,02144
Pearl St,2,16,1,19,02145,02145
Crescent St,36,98,nan,nan,02145,nan
Crescent St,10,34,nan,nan,02145,nan
Curtis St,nan,nan,185,193,nan,02144
Curtis St,nan,nan,167,183,nan,02144
Curtis St,nan,nan,145,151,nan,02144
Curtis St,nan,nan,153,165,nan,02144
